1,0.2,0,0,0,0,0,1,3.895555556
1,0.2,0.5,0,0,0,1,0,0
4,0.2,4.2,1,0,0,0,1,3.196944444
1,0.2,0,0,0,0,0,1,4.266666667
1,0.15,4.2,1,0,0,0,0,0
0,0.2,0,0,0,0,0,0,0
1,0.15,0,0,0,0,0,0,0
1,0.2,0,0,0,0,0,1,4.284166667
1,0.15,0,0,0,0,0,1,6.016666667
1,0.15,0,0,0,0,0,1,4.986388889
1,0.2,0,0,0,0,0,1,4.414166667
1,0.2,0,0,0,0,0,0,0
1,0.2,4.2,1,0,0,0,0,0
1,0.2,0,0,0,0,0,0,0
1,0.15,4.2,1,0,0,0,0,0
1,0.2,0,0,0,0,0,1,3.376111111
1,0.15,0,0,0,0,0,0,0
1,0.2,2.1,0,2,0,0,0,0
1,0.15,2.1,0,1,0,0,0,0
0,0.15,0,0,0,0,0,0,0
1,0.2,0,0,0,0,0,1,5.810277778
1,0.2,0,0,0,0,0,0,0
2,0.15,0,0,0,0,0,0,0
1,0.15,4.2,1,0,0,0,0,0
1,0.2,0,0,0,0,0,1,4.415277778
1,0.15,0.8,0,0,3,1,1,4.822222222
1,0.2,0,0,0,0,0,1,5.778611111
1,0.2,0,0,0,0,0,1,3.856666667
1,0.2,0,0,0,0,0,0,0
1,0.2,4.2,1,0,0,0,0,0
0,0.15,0,0,0,0,0,0,0
1,0.2,0,0,0,0,0,1,3.544166667
0,0.15,0,0,0,0,0,0,0
1,0.2,4.2,1,0,0,0,0,0
2,0.2,3.5,2,1,0,0,0,0
0,0.2,0,0,0,0,0,0,0
1,0.2,0,0,0,0,0,1,0
1,0.2,0,0,0,0,0,1,4.771111111
0,0.2,0,0,0,0,0,0,0
1,0.15,0,0,0,0,0,1,5.7475
1,0.2,0,0,0,0,0,0,0
1,0.2,0,0,0,0,0,0,0
1,0.2,4.2,1,0,0,0,0,0
1,0.2,4.2,1,0,0,0,0,0
1,0.2,0,0,0,0,0,0,0
1,0.2,0,0,0,0,0,1,4.359166667
2,0.15,1,0,1,2,2,0,0
1,0.15,0,0,0,0,0,1,4.305833333
1,0.2,2.6,1,0,1,0,0,0
1,0.2,0,0,0,0,0,1,4.517777778
1,0.2,0,0,0,0,0,1,6.8975
1,0.15,0,0,0,0,0,1,5.331944444
1,0.2,0,0,0,0,0,0,0
1,0.2,2.1,0,1,0,0,0,0
1,0.15,0,0,0,0,0,1,6.570277778
1,0.15,4.2,1,0,0,0,0,0
1,0.2,0,0,0,0,0,0,0
1,0.2,0,0,0,0,0,1,3.765277778
1,0.15,4.2,1,0,0,0,0,0
1,0.2,3.1,1,1,0,0,0,0
1,0.2,0,0,0,0,0,0,0
2,0.2,4.2,1,0,0,0,0,0
1,0.2,0,0,0,0,0,1,5.375833333
1,0.15,0,0,0,0,0,1,4.834444444
1,0.2,2.1,0,1,0,0,0,0
1,0.2,2.2,1,1,0,1,0,0
3,0.2,3.1,1,1,0,0,0,0
1,0.15,0,0,0,0,0,1,3.872777778
1,0.2,0,0,0,0,0,0,0
1,0.2,0,0,0,0,0,0,0
0,0.2,0,0,0,0,0,0,0
1,0.2,0,0,0,0,0,1,4.793333333
0,0.15,0,0,0,0,0,0,0
0,0.2,0,0,0,0,0,0,0
1,0.2,0,0,0,0,0,1,5.906944444
1,0.2,0,0,0,0,0,1,3.759166667
1,0.2,4.2,1,0,0,0,0,0
0,0.15,0,0,0,0,0,0,0
1,0.15,0,0,0,0,0,1,4.475
1,0.2,0,0,0,0,0,1,5.636388889
1,0.15,0,0,0,0,0,1,7.641666667
1,0.2,0,0,0,0,0,0,0
1,0.2,4.2,1,0,0,0,0,0
0,0.2,2.1,0,1,0,0,0,0
1,0.15,0,0,0,0,0,0,0
1,0.2,3.1,1,1,0,0,0,0
1,0.2,4.2,1,0,0,0,0,0
0,0.15,0,0,0,0,0,0,0
0,0.15,0,0,0,0,0,0,0
1,0.2,0,0,0,0,0,1,4.595277778
1,0.2,0,0,0,0,0,1,3.578333333
1,0.2,4.2,1,0,0,0,0,0
1,0.2,1.7,0,2,1,0,0,0
2,0.2,0,0,0,0,0,0,0
1,0.15,4.2,1,0,0,0,0,0
0,0.15,0,0,0,0,0,0,0
3,0.2,0,0,0,0,0,0,0
1,0.2,4.2,1,0,0,0,0,0
1,0.2,0,0,0,0,0,0,0
2,0.2,0,0,0,0,0,1,5.730555556
0,0.15,0,0,0,0,0,0,0
1,0.2,4.2,1,0,0,0,0,0
1,0.2,0,0,0,0,0,0,0
1,0.2,0,0,0,0,0,0,0
2,0.15,2.3,1,0,0,1,0,0
1,0.15,4.2,1,0,0,0,0,0
1,0.15,3.1,1,1,0,0,0,0
1,0.2,0,0,0,0,0,0,0
1,0.2,4.2,1,0,0,0,0,0
0,0.2,0,0,0,0,0,0,0
1,0.2,0,0,0,0,0,1,4.093333333
1,0.15,0,0,0,0,0,0,0
0,0.15,0,0,0,0,0,0,0
1,0.2,0,0,0,0,0,1,4.94
2,0.2,0,0,0,0,0,0,0
1,0.2,0,0,0,0,0,1,5.531388889
1,0.15,0,0,0,0,0,0,0
1,0.2,0,0,0,0,0,1,5.680555556
0,0.15,0,0,0,0,0,0,0
0,0.2,0,0,0,0,0,0,0
1,0.15,4.2,1,0,0,0,0,0
1,0.2,2.1,0,1,0,0,0,0
1,0.2,0,0,0,0,0,0,0
1,0.15,0,0,0,0,0,0,0
1,0.15,0,0,0,0,0,1,4.130833333
1,0.2,0,0,0,0,0,0,0
1,0.2,0,0,0,0,0,0,0
2,0.2,4.2,1,0,0,0,0,0
1,0.15,0,0,0,0,0,0,0
1,0.2,0,0,0,0,0,1,4.0675
1,0.2,0,0,0,0,0,0,0
1,0.2,0,0,0,0,0,0,0
2,0.15,1.3,0,1,0,1,0,0
1,0.2,0,0,0,0,0,0,0
1,0.2,0,0,0,0,0,0,0
0,0.2,0,0,0,0,0,0,0
0,0.2,0,0,0,0,0,0,0
1,0.2,2.1,0,1,0,0,0,0
1,0.2,0,0,0,0,0,1,5.94
1,0.2,0,0,0,0,0,1,5.330833333
4,0.15,4.2,1,0,0,0,1,4.550277778
1,0.2,0,0,0,0,0,0,0
1,0.15,2.3,1,0,0,1,0,0
1,0.2,0,0,0,0,0,1,3.822222222
1,0.2,0,0,0,0,0,1,5.155555556
3,0.2,4.2,2,0,0,0,0,0
0,0.2,0,0,0,0,0,0,0
1,0.2,0,0,0,0,0,1,4.098055556
1,0.2,2.1,0,1,0,0,1,4.965
1,0.2,0,0,0,0,0,0,0
0,0.2,2.1,0,1,0,0,0,0
0,0.2,0,0,0,0,0,0,0
1,0.15,2.1,0,1,0,0,1,3.643333333
1,0.2,4.2,1,0,0,0,0,0
1,0.2,0,0,0,0,0,1,6.013888889
1,0.2,0,0,0,0,0,1,4.311388889
0,0.15,0,0,0,0,0,0,0
2,0.2,1,0,0,3,0,0,0
0,0.2,0,0,0,0,0,0,0
1,0.2,0,0,0,0,0,0,0
1,0.2,0,0,0,0,0,0,0
1,0.15,4.2,1,0,0,0,0,0
2,0.15,0,0,0,0,0,0,0
1,0.2,0,0,0,0,0,1,0
0,0.2,0,0,0,0,0,0,0
1,0.2,4.2,1,0,0,0,0,0
1,0.2,0,0,0,0,0,1,4.036666667
1,0.15,4.2,1,0,0,0,0,0
1,0.2,2.1,0,1,0,0,0,0
1,0.2,0,0,0,0,0,0,0
1,0.2,1.5,0,1,1,0,0,0
1,0.2,0,0,0,0,0,0,0
1,0.2,0,0,0,0,0,0,0
1,0.2,4.2,1,0,0,0,0,0
1,0.15,0,0,0,0,0,1,6.679166667
1,0.2,0,0,0,0,0,1,6.48
2,0.2,4.2,1,0,0,0,1,4.045833333
0,0.15,0,0,0,0,0,0,0
0,0.2,0,0,0,0,0,0,0
0,0.15,0,0,0,0,0,0,0
0,0.2,0,0,0,0,0,0,0
1,0.2,3.1,1,1,0,0,0,0
1,0.15,0,0,0,0,0,1,4.140277778
1,0.2,4.2,1,0,0,0,0,0
1,0.2,0,0,0,0,0,1,4.546944444
3,0.15,0,0,0,0,0,1,4.920277778
1,0.2,2.1,0,1,0,0,0,0
1,0.2,0,0,0,0,0,0,0
1,0.2,0,0,0,0,0,1,6.262222222
3,0.2,0,0,0,0,0,1,0
1,0.15,4.2,1,0,0,0,0,0
1,0.2,4.2,1,0,0,0,0,0
1,0.2,2.3,1,0,0,1,0,0
2,0.2,0,0,0,0,0,1,5.370277778
1,0.2,0,0,0,0,0,0,0
1,0.2,0,0,0,0,0,1,5.293888889
1,0.2,4.2,1,0,0,0,0,0
2,0.2,2.1,0,1,0,0,0,0
1,0.15,2.1,0,2,0,0,0,0
1,0.15,0,0,0,0,0,0,0
0,0.2,0,0,0,0,0,0,0
0,0.2,0,0,0,0,0,0,0
4,0.2,2.8,1,2,0,0,0,0
0,0.2,1.3,0,1,0,1,0,0
1,0.2,0,0,0,0,0,1,6.1225
2,0.2,2.3,1,0,0,1,0,0
2,0.15,0,0,0,0,0,0,0
5,0.2,4.2,1,0,0,0,0,0
1,0.2,3.1,1,1,0,0,0,0
0,0.15,0,0,0,0,0,0,0
1,0.15,0,0,0,0,0,0,0
0,0.15,0,0,0,0,0,0,0
1,0.2,2.1,0,1,0,0,0,0
1,0.2,0,0,0,0,0,1,4.871388889
1,0.15,0,0,0,0,0,0,0
2,0.15,0,0,0,0,0,1,5.519166667
1,0.2,4.2,1,0,0,0,0,0
1,0.2,2.1,0,1,0,0,1,5.471944444
1,0.15,4.2,1,0,0,0,0,0
0,0.15,0,0,0,0,0,0,0
1,0.15,4.2,1,0,0,0,0,0
3,0.2,4.2,1,0,0,0,1,6.357222222
1,0.2,0,0,0,0,0,0,0
1,0.2,0,0,0,0,0,0,0
1,0.2,4.2,1,0,0,0,0,0
1,0.15,0,0,0,0,0,0,0
1,0.2,0,0,0,0,0,1,5.470277778
0,0.15,0,0,0,0,0,0,0
1,0.2,0,0,0,0,0,0,0
1,0.2,1.9,1,0,1,1,0,0
1,0.2,0,0,0,0,0,1,4.809722222
1,0.2,0,0,0,0,0,0,0
1,0.2,0,0,0,0,0,1,3.238888889
1,0.2,4.2,1,0,0,0,0,0
1,0.2,4.2,1,0,0,0,0,0
1,0.15,0,0,0,0,0,1,6.226388889
2,0.15,2.6,1,0,1,0,0,0
1,0.2,2.1,0,1,0,0,0,0
1,0.2,0,0,0,0,0,0,0
1,0.2,0,0,0,0,0,1,4.9675
1,0.15,0,0,0,0,0,0,0
1,0.2,0,0,0,0,0,0,0
1,0.2,0,0,0,0,0,0,0
1,0.2,0,0,0,0,0,0,0
1,0.2,4.2,1,0,0,0,0,0
1,0.2,0,0,0,0,0,1,4.410833333
1,0.15,0,0,0,0,0,0,0
2,0.2,3.1,1,1,0,0,0,0
1,0.15,0,0,0,0,0,1,4.952777778
1,0.15,0,0,0,0,0,0,0
1,0.15,0,0,0,0,0,1,4.203888889
0,0.2,2.1,0,1,0,0,0,0
1,0.15,0,0,0,0,0,0,0
0,0.2,0,0,0,0,0,0,0
1,0.2,0,0,0,0,0,1,4.862777778
1,0.2,4.2,1,0,0,0,0,0
1,0.2,0,0,0,0,0,1,5.163888889
1,0.15,0,0,0,0,0,0,0
2,0.2,2.1,0,1,0,0,1,3.888055556
1,0.2,3.1,1,1,0,0,0,0
2,0.2,2.6,1,0,1,0,0,0
2,0.15,0,0,0,0,0,1,12.49055556
1,0.2,0,0,0,0,0,1,4.841111111
1,0.2,4.2,1,0,0,0,0,0
1,0.2,4.2,1,0,0,0,0,0
2,0.2,4.2,1,0,0,0,1,4.031944444
2,0.2,4.2,1,0,0,0,0,0
1,0.2,0,0,0,0,0,0,0
1,0.2,4.2,1,0,0,0,0,0
1,0.2,0,0,0,0,0,1,3.511111111
1,0.2,2.1,0,2,0,0,1,4.291666667
0,0.2,0,0,0,0,0,0,0
1,0.2,0,0,0,0,0,1,4.016944444
0,0.2,0,0,0,0,0,0,0
1,0.2,0,0,0,0,0,1,4.073888889
2,0.2,0,0,0,0,0,0,0
1,0.15,4.2,1,0,0,0,0,0
1,0.2,0,0,0,0,0,1,5.096111111
1,0.2,0,0,0,0,0,1,3.302222222
0,0.2,0,0,0,0,0,0,0
1,0.2,0,0,0,0,0,0,0
1,0.2,0,0,0,0,0,1,4.371388889
4,0.2,4.2,1,0,0,0,1,3.282222222
1,0.2,0,0,0,0,0,1,5.014444444
1,0.15,2.1,0,1,0,0,1,4.96
1,0.2,4.2,1,0,0,0,0,0
1,0.2,0,0,0,0,0,0,0
1,0.2,0,0,0,0,0,1,3.514166667
1,0.2,4.2,1,0,0,0,0,0
1,0.2,0,0,0,0,0,0,0
1,0.2,0,0,0,0,0,1,4.736944444
1,0.2,2.1,0,1,0,0,1,4.668611111
0,0.2,0,0,0,0,0,0,0
1,0.2,0,0,0,0,0,0,0
1,0.2,0,0,0,0,0,0,0
1,0.15,4.2,1,0,0,0,0,0
2,0.2,0,0,0,0,0,0,0
0,0.2,0,0,0,0,0,0,0
1,0.2,0,0,0,0,0,1,4.3825
1,0.15,0,0,0,0,0,1,5.219444444
0,0.2,0,0,0,0,0,0,0
1,0.15,4.2,1,0,0,0,0,0
0,0.2,2.1,0,1,0,0,0,0
1,0.2,0,0,0,0,0,1,5.021388889
1,0.2,4.2,1,0,0,0,0,0
1,0.2,0,0,0,0,0,0,0
1,0.2,0,0,0,0,0,1,4.611944444
2,0.2,0,0,0,0,0,0,0
1,0.2,0,0,0,0,0,1,4.611111111
1,0.2,0,0,0,0,0,1,4.213888889
1,0.15,0,0,0,0,0,0,0
0,0.2,0,0,0,0,0,0,0
1,0.15,0,0,0,0,0,0,0
1,0.2,0,0,0,0,0,1,6.191944444
1,0.2,0,0,0,0,0,1,3.193055556
2,0.2,2.1,0,1,0,0,1,3.641666667
1,0.2,0,0,0,0,0,1,5.476388889
1,0.15,0,0,0,0,0,0,0
1,0.2,0,0,0,0,0,1,4.792222222
3,0.2,0,0,0,0,0,1,3.428333333
1,0.2,0,0,0,0,0,1,4.247777778
3,0.2,4.2,1,0,0,0,0,0
2,0.2,1.7,0,2,1,0,0,0
2,0.2,1.5,0,1,1,0,0,0
0,0.15,0,0,0,0,0,0,0
0,0.2,0,0,0,0,0,0,0
1,0.2,0,0,0,0,0,1,5.966388889
1,0.15,4.2,1,0,0,0,0,0
1,0.2,3.1,1,1,0,0,0,0
1,0.2,4.2,1,0,0,0,0,0
1,0.2,0,0,0,0,0,1,4.774166667
3,0.2,1.4,1,1,5,1,0,0
3,0.15,1.6,0,3,2,0,0,0
2,0.2,4.2,1,0,0,0,0,0
1,0.2,4.2,1,0,0,0,0,0
1,0.2,2.1,0,1,0,0,1,5.060555556
2,0.2,0,0,0,0,0,0,0
2,0.2,0,0,0,0,0,1,3.321944444
0,0.2,0,0,0,0,0,0,0
1,0.2,0,0,0,0,0,1,4.342222222
0,0.2,2.1,0,1,0,0,0,0
1,0.15,0,0,0,0,0,1,3.817777778
4,0.2,4.2,2,0,0,0,0,0
2,0.2,1,0,0,1,0,0,0
1,0.2,0,0,0,0,0,0,0
1,0.15,2.1,0,1,0,0,0,0
1,0.2,0,0,0,0,0,1,4.911666667
1,0.2,0,0,0,0,0,0,0
1,0.15,4.2,1,0,0,0,0,0
1,0.2,1,0,0,1,0,0,0
2,0.2,0,0,0,0,0,0,0
0,0.2,0,0,0,0,0,0,0
1,0.2,0,0,0,0,0,0,0
2,0.15,2.4,1,1,1,0,1,7.644166667
1,0.2,4.2,1,0,0,0,0,0
1,0.2,2.1,0,1,0,0,1,4.949722222
1,0.2,0,0,0,0,0,1,4.851388889
1,0.2,0,0,0,0,0,0,0
1,0.2,0,0,0,0,0,0,0
1,0.2,3.1,1,1,0,0,0,0
1,0.2,0,0,0,0,0,1,4.882222222
0,0.2,0,0,0,0,0,0,0
1,0.2,0,0,0,0,0,1,4.576666667
1,0.15,0,0,0,0,0,0,0
1,0.15,1,0,0,1,0,0,0
0,0.2,0,0,0,0,0,0,0
0,0.15,0,0,0,0,0,0,0
1,0.2,0,0,0,0,0,0,0
1,0.2,0,0,0,0,0,0,0
1,0.2,0,0,0,0,0,1,3.986666667
1,0.2,4.2,1,0,0,0,0,0
1,0.2,0,0,0,0,0,0,0
1,0.15,4.2,1,0,0,0,0,0
1,0.15,0,0,0,0,0,1,5.361388889
0,0.2,0,0,0,0,0,0,0
1,0.2,4.2,1,0,0,0,0,0
1,0.2,4.2,1,0,0,0,0,0
1,0.2,0,0,0,0,0,0,0
1,0.2,0,0,0,0,0,0,0
4,0.2,4.2,1,0,0,0,1,5.976388889
1,0.2,0,0,0,0,0,1,6.562777778
1,0.2,0,0,0,0,0,1,4.8875
1,0.2,0,0,0,0,0,1,5.438055556
1,0.15,0,0,0,0,0,0,0
9,0.2,1.4,1,5,2,5,1,2.722222222
1,0.2,2.1,0,1,0,0,0,0
0,0.2,0,0,0,0,0,0,0
4,0.2,3.1,1,1,0,0,0,0
0,0.2,2.1,0,1,0,0,0,0
1,0.2,4.2,1,0,0,0,0,0
0,0.2,0,0,0,0,0,0,0
1,0.2,0,0,0,0,0,1,0
0,0.2,0,0,0,0,0,0,0
1,0.15,0,0,0,0,0,1,3.865
1,0.2,0,0,0,0,0,1,4.000555556
0,0.15,0,0,0,0,0,0,0
1,0.2,0,0,0,0,0,1,3.324444444
1,0.15,0,0,0,0,0,1,4.150833333
2,0.2,4.2,1,0,0,0,0,0
1,0.15,0,0,0,0,0,1,4.920277778
1,0.2,0,0,0,0,0,1,5.876944444
1,0.15,4.2,1,0,0,0,0,0
0,0.2,0,0,0,0,0,0,0
1,0.2,0,0,0,0,0,1,4.460555556
1,0.2,2.1,0,1,0,0,0,0
1,0.2,0,0,0,0,0,0,0
1,0.2,0,0,0,0,0,1,6.003611111
1,0.2,0,0,0,0,0,0,0
1,0.2,0,0,0,0,0,0,0
1,0.2,2.1,0,1,0,0,0,0
3,0.2,2.2,1,2,0,1,1,0
1,0.2,0,0,0,0,0,1,4.673888889
2,0.15,2.1,0,1,0,0,1,4.208611111
1,0.2,0,0,0,0,0,1,6.432222222
1,0.2,0,0,0,0,0,1,3.9875
1,0.2,2.1,0,1,0,0,0,0
1,0.2,4.2,1,0,0,0,0,0
1,0.2,4.2,1,0,0,0,0,0
1,0.2,0,0,0,0,0,0,0
2,0.2,2.2,1,1,0,1,0,0
3,0.2,4.2,2,0,0,0,0,0
4,0.2,0,0,0,0,0,0,0
1,0.2,0,0,0,0,0,0,0
1,0.2,0,0,0,0,0,0,0
1,0.15,4.2,1,0,0,0,0,0
1,0.2,2.1,0,1,0,0,1,5.450833333
1,0.15,4.2,1,0,0,0,0,0
0,0.2,0,0,0,0,0,0,0
1,0.2,0,0,0,0,0,0,0
0,0.15,0,0,0,0,0,0,0
1,0.2,0,0,0,0,0,0,0
1,0.15,0,0,0,0,0,0,0
2,0.15,4.2,1,0,0,0,0,0
1,0.15,4.2,1,0,0,0,0,0
1,0.15,2.4,1,1,1,0,0,0
1,0.2,0,0,0,0,0,1,3.994444444
1,0.2,0,0,0,0,0,1,4.126944444
1,0.2,0,0,0,0,0,0,0
1,0.15,0,0,0,0,0,0,0
1,0.15,0,0,0,0,0,1,5.416388889
1,0.15,4.2,1,0,0,0,0,0
1,0.2,0,0,0,0,0,0,0
3,0.2,1,0,0,1,0,0,0
1,0.2,2.1,0,2,0,0,0,0
1,0.2,0,0,0,0,0,1,4.023611111
1,0.2,2.1,0,1,0,0,0,0
1,0.2,0,0,0,0,0,0,0
1,0.15,0,0,0,0,0,0,0
1,0.2,0,0,0,0,0,1,4.170277778
1,0.2,0,0,0,0,0,0,0
1,0.2,0,0,0,0,0,0,0
2,0.2,4.2,1,0,0,0,1,3.771944444
1,0.15,0,0,0,0,0,0,0
1,0.15,4.2,1,0,0,0,0,0
1,0.2,0,0,0,0,0,1,3.586944444
1,0.2,4.2,1,0,0,0,0,0
1,0.2,2.1,0,2,0,0,1,3.611666667
1,0.15,0,0,0,0,0,1,4.175277778
0,0.2,0,0,0,0,0,0,0
1,0.15,4.2,1,0,0,0,0,0
1,0.2,0,0,0,0,0,0,0
1,0.2,0.5,0,0,0,1,0,0
1,0.15,0,0,0,0,0,0,0
3,0.15,4.2,1,0,0,0,0,0
1,0.2,4.2,1,0,0,0,0,0
1,0.15,0,0,0,0,0,0,0
0,0.15,0,0,0,0,0,0,0
1,0.2,0,0,0,0,0,1,3.303055556
2,0.2,0,0,0,0,0,0,0
1,0.2,0,0,0,0,0,1,3.255277778
1,0.2,4.2,1,0,0,0,0,0
0,0.2,0,0,0,0,0,0,0
0,0.2,0,0,0,0,0,0,0
1,0.2,0,0,0,0,0,0,0
2,0.2,0,0,0,0,0,0,0
1,0.2,1,0,0,1,0,1,4.292222222
4,0.2,1.5,0,1,1,0,0,0
1,0.2,4.2,1,0,0,0,0,0
2,0.2,4.2,1,0,0,0,1,4.677222222
1,0.2,0,0,0,0,0,1,3.488611111
1,0.2,4.2,1,0,0,0,0,0
1,0.2,2.4,1,1,1,0,0,0
2,0.2,2.1,0,1,0,0,0,0
1,0.2,1.9,1,2,1,1,0,0
1,0.2,0,0,0,0,0,0,0
1,0.15,0,0,0,0,0,1,5.690555556
5,0.2,0,0,0,0,0,1,0
1,0.15,0,0,0,0,0,0,0
1,0.2,0,0,0,0,0,1,3.941944444
2,0.2,0,0,0,0,0,0,0
1,0.2,0,0,0,0,0,1,2.756944444
1,0.2,0,0,0,0,0,1,5.331111111
1,0.2,0,0,0,0,0,0,0
1,0.15,0,0,0,0,0,1,4.282222222
3,0.2,0,0,0,0,0,1,10.17305556
1,0.2,0,0,0,0,0,0,0
0,0.2,0,0,0,0,0,0,0
2,0.15,0,0,0,0,0,0,0
1,0.2,0,0,0,0,0,0,0
1,0.15,4.2,1,0,0,0,0,0
2,0.15,0,0,0,0,0,0,0
1,0.2,0,0,0,0,0,0,0
0,0.15,0,0,0,0,0,0,0
1,0.2,4.2,1,0,0,0,0,0
0,0.15,0,0,0,0,0,0,0
1,0.15,0,0,0,0,0,0,0
1,0.15,0,0,0,0,0,0,0
1,0.15,2.6,1,0,1,0,0,0
1,0.2,0,0,0,0,0,1,3.406111111
0,0.2,0,0,0,0,0,0,0
1,0.2,1.7,0,2,1,0,0,0
0,0.2,0,0,0,0,0,0,0
1,0.2,4.2,1,0,0,0,0,0
0,0.2,0,0,0,0,0,0,0
1,0.2,4.2,1,0,0,0,0,0
2,0.2,1.5,0,2,2,0,0,0
0,0.2,0,0,0,0,0,0,0
1,0.2,0.5,0,0,0,1,0,0
1,0.2,0,0,0,0,0,1,4.630833333
0,0.2,0,0,0,0,0,0,0
1,0.2,0,0,0,0,0,1,4.097222222
1,0.2,0,0,0,0,0,0,0
1,0.15,0,0,0,0,0,0,0
2,0.2,4.2,1,0,0,0,1,4.227222222
1,0.2,0,0,0,0,0,1,4.57
1,0.2,0,0,0,0,0,1,4.506944444
0,0.2,0,0,0,0,0,0,0
1,0.15,4.2,1,0,0,0,0,0
1,0.2,4.2,1,0,0,0,0,0
1,0.2,4.2,1,0,0,0,0,0
1,0.2,0,0,0,0,0,0,0
2,0.2,4.2,1,0,0,0,0,0
1,0.15,4.2,1,0,0,0,0,0
1,0.2,0,0,0,0,0,0,0
1,0.2,0,0,0,0,0,1,4.324722222
1,0.15,0,0,0,0,0,1,4.895833333
1,0.15,1.3,0,1,0,1,1,5.930277778
1,0.2,0,0,0,0,0,1,5.012222222
1,0.2,0,0,0,0,0,1,5.349722222
1,0.2,0,0,0,0,0,1,3.480833333
1,0.15,0,0,0,0,0,1,4.932777778
1,0.2,0,0,0,0,0,0,0
1,0.15,0,0,0,0,0,1,6.431388889
1,0.2,4.2,1,0,0,0,0,0
1,0.15,0,0,0,0,0,1,3.9825
0,0.2,1.7,0,2,1,0,0,0
1,0.2,4.2,1,0,0,0,0,0
0,0.15,0,0,0,0,0,0,0
3,0.2,4.2,1,0,0,0,0,0
2,0.2,1,0,1,2,2,0,0
1,0.15,4.2,1,0,0,0,0,0
4,0.15,2.3,1,2,1,0,0,0
0,0.2,0,0,0,0,0,0,0
1,0.2,0,0,0,0,0,1,5.2525
1,0.2,2.1,0,1,0,0,0,0
1,0.2,0,0,0,0,0,0,0
1,0.2,0,0,0,0,0,1,5.007222222
2,0.15,0,0,0,0,0,0,0
0,0.2,2.1,0,1,0,0,0,0
0,0.15,0,0,0,0,0,0,0
1,0.2,0,0,0,0,0,1,4.168611111
1,0.2,4.2,1,0,0,0,0,0
1,0.2,4.2,1,0,0,0,0,0
1,0.2,0,0,0,0,0,0,0
2,0.2,0,0,0,0,0,0,0
0,0.2,0,0,0,0,0,0,0
0,0.2,0,0,0,0,0,0,0
1,0.2,0,0,0,0,0,1,4.7825
0,0.15,2.1,0,1,0,0,0,0
1,0.2,0,0,0,0,0,0,0
1,0.2,0,0,0,0,0,1,5.377222222
1,0.2,4.2,1,0,0,0,0,0
1,0.2,0,0,0,0,0,0,0
1,0.2,0,0,0,0,0,1,4.983888889
1,0.2,0,0,0,0,0,1,4.458611111
1,0.2,0,0,0,0,0,1,3.493888889
1,0.2,4.2,1,0,0,0,0,0
6,0.2,1.9,1,0,1,1,1,4.306666667
1,0.2,0,0,0,0,0,1,4.587222222
1,0.2,0,0,0,0,0,0,0
1,0.2,0,0,0,0,0,1,3.865555556
1,0.2,0,0,0,0,0,0,0
1,0.2,4.2,1,0,0,0,0,0
1,0.2,4.2,1,0,0,0,0,0
1,0.2,0,0,0,0,0,1,4.329166667
1,0.2,0,0,0,0,0,1,3.703611111
1,0.15,2.1,0,1,0,0,0,0
1,0.2,0,0,0,0,0,1,4.506388889
2,0.15,3.1,1,1,0,0,0,0
2,0.2,3.1,1,1,0,0,0,0
1,0.2,4.2,1,0,0,0,0,0
1,0.2,0,0,0,0,0,1,3.968055556
2,0.15,4.2,1,0,0,0,0,0
1,0.2,4.2,1,0,0,0,0,0
2,0.2,0,0,0,0,0,0,0
1,0.2,0,0,0,0,0,0,0
1,0.15,4.2,1,0,0,0,0,0
1,0.2,0,0,0,0,0,0,0
1,0.2,0,0,0,0,0,1,5.743333333
0,0.15,2.1,0,1,0,0,0,0
0,0.2,0,0,0,0,0,0,0
1,0.15,0,0,0,0,0,1,4.918611111
1,0.15,0,0,0,0,0,1,4.747777778
1,0.2,2.1,0,1,0,0,0,0
1,0.2,0,0,0,0,0,1,6.835555556
0,0.15,0,0,0,0,0,0,0
3,0.15,0,0,0,0,0,1,0
1,0.2,0,0,0,0,0,1,4.432222222
1,0.15,0,0,0,0,0,1,5.169722222
1,0.2,0,0,0,0,0,0,0
3,0.2,4.2,1,0,0,0,0,0
1,0.2,0,0,0,0,0,0,0
1,0.2,0,0,0,0,0,1,4.155
3,0.2,1.3,0,2,4,0,0,0
1,0.2,0,0,0,0,0,1,4.997777778
2,0.2,0,0,0,0,0,0,0
1,0.2,0,0,0,0,0,1,5.733055556
0,0.2,0,0,0,0,0,0,0
1,0.2,0,0,0,0,0,1,4.173055556
1,0.15,4.2,1,0,0,0,0,0
1,0.2,4.2,1,0,0,0,0,0
0,0.15,0,0,0,0,0,0,0
1,0.2,4.2,1,0,0,0,0,0
1,0.2,0,0,0,0,0,1,3.698888889
1,0.2,2.1,0,1,0,0,0,0
1,0.2,0,0,0,0,0,1,3.640277778
1,0.2,0,0,0,0,0,0,0
1,0.15,0,0,0,0,0,1,6.18
2,0.15,4.2,1,0,0,0,0,0
1,0.2,2.4,1,1,1,0,0,0
1,0.2,0,0,0,0,0,1,4.798333333
1,0.15,4.2,1,0,0,0,0,0
1,0.2,0,0,0,0,0,0,0
1,0.2,0,0,0,0,0,1,5.995
2,0.2,2.1,0,1,0,0,0,0
3,0.2,3.1,1,1,0,0,1,5.539166667
1,0.15,0,0,0,0,0,0,0
1,0.2,0,0,0,0,0,0,0
3,0.2,2.6,1,0,1,0,1,3.574722222
0,0.2,0,0,0,0,0,0,0
0,0.2,0,0,0,0,0,0,0
1,0.2,0,0,0,0,0,1,3.892222222
1,0.2,0,0,0,0,0,0,0
0,0.2,0,0,0,0,0,0,0
1,0.2,0,0,0,0,0,1,4.1425
1,0.2,1.5,0,1,1,0,0,0
0,0.15,0,0,0,0,0,0,0
1,0.2,0,0,0,0,0,1,5.090555556
1,0.2,4.2,1,0,0,0,0,0
2,0.2,1,0,0,1,0,0,0
1,0.2,0,0,0,0,0,0,0
1,0.2,0,0,0,0,0,0,0
0,0.2,0,0,0,0,0,0,0
2,0.2,1,0,1,0,2,0,0
2,0.2,1.1,0,1,2,1,0,0
1,0.2,0,0,0,0,0,0,0
1,0.2,0,0,0,0,0,1,3.568055556
2,0.2,4.2,1,0,0,0,0,0
1,0.15,0,0,0,0,0,0,0
1,0.2,0,0,0,0,0,0,0
1,0.2,0,0,0,0,0,0,0
1,0.2,4.2,1,0,0,0,0,0
1,0.2,0,0,0,0,0,0,0
0,0.15,0,0,0,0,0,0,0
2,0.15,4.2,1,0,0,0,0,0
1,0.2,0,0,0,0,0,0,0
1,0.2,0,0,0,0,0,0,0
0,0.15,1.2,0,1,3,0,0,0
0,0.2,2.1,0,1,0,0,0,0
1,0.2,0,0,0,0,0,0,0
1,0.2,0,0,0,0,0,1,4.310277778
2,0.2,4.2,1,0,0,0,0,0
1,0.2,4.2,1,0,0,0,0,0
3,0.2,0,0,0,0,0,1,3.698888889
1,0.2,2.1,0,1,0,0,0,0
1,0.2,0,0,0,0,0,1,3.912777778
1,0.2,1.5,0,1,1,0,0,0
1,0.2,0,0,0,0,0,0,0
1,0.2,0,0,0,0,0,1,4.836666667
0,0.2,2.1,0,2,0,0,0,0
1,0.2,4.2,1,0,0,0,0,0
1,0.15,1.5,0,1,1,0,1,4.532222222
1,0.15,0,0,0,0,0,1,4.800833333
1,0.2,0,0,0,0,0,1,4.463611111
1,0.2,1,0,0,1,0,0,0
1,0.15,0,0,0,0,0,1,4.552777778
1,0.2,0,0,0,0,0,1,4.464166667
1,0.2,1,0,0,1,0,0,0
1,0.2,0,0,0,0,0,1,3.755833333
1,0.2,4.2,1,0,0,0,0,0
1,0.2,0,0,0,0,0,0,0
1,0.2,3.1,1,1,0,0,0,0
1,0.15,0,0,0,0,0,0,0
1,0.2,0,0,0,0,0,1,4.075
1,0.2,0,0,0,0,0,0,0
1,0.2,0,0,0,0,0,1,3.49
1,0.2,0,0,0,0,0,1,5.882777778
0,0.15,0,0,0,0,0,0,0
1,0.2,0,0,0,0,0,1,3.234444444
2,0.2,2,1,0,2,0,0,0
0,0.2,0,0,0,0,0,0,0
1,0.2,0,0,0,0,0,1,3.841666667
1,0.2,0,0,0,0,0,1,4.754444444
0,0.15,0,0,0,0,0,0,0
1,0.2,0,0,0,0,0,0,0
2,0.2,0,0,0,0,0,0,0
1,0.2,0,0,0,0,0,0,0
0,0.2,0,0,0,0,0,0,0
2,0.2,0,0,0,0,0,0,0
1,0.2,0,0,0,0,0,1,4.1475
1,0.15,0,0,0,0,0,0,0
1,0.2,4.2,1,0,0,0,0,0
2,0.2,4.2,1,0,0,0,0,0
0,0.2,0,0,0,0,0,0,0
1,0.2,4.2,1,0,0,0,0,0
1,0.2,0,0,0,0,0,1,3.886111111
0,0.2,0,0,0,0,0,0,0
1,0.2,0,0,0,0,0,1,4.490277778
1,0.2,0,0,0,0,0,0,0
1,0.2,0,0,0,0,0,1,4.141388889
1,0.2,0,0,0,0,0,0,0
2,0.2,3.1,1,1,0,0,0,0
1,0.15,4.2,1,0,0,0,0,0
1,0.2,0,0,0,0,0,1,4.320555556
2,0.2,3.1,1,1,0,0,0,0
0,0.2,0,0,0,0,0,0,0
0,0.2,1,0,0,1,0,0,0
1,0.2,4.2,1,0,0,0,0,0
1,0.2,0,0,0,0,0,1,3.843055556
1,0.2,0,0,0,0,0,1,4.0125
1,0.2,0,0,0,0,0,1,3.932777778
1,0.2,0,0,0,0,0,0,0
0,0.2,0,0,0,0,0,0,0
1,0.2,2.1,0,1,0,0,0,0
3,0.2,4.2,1,0,0,0,0,0
1,0.2,0,0,0,0,0,1,3.546388889
2,0.2,1,0,0,1,0,0,0
1,0.15,2.1,0,1,0,0,0,0
1,0.2,2.1,0,2,0,0,0,0
0,0.2,0,0,0,0,0,0,0
3,0.2,0,0,0,0,0,1,4.466944444
1,0.15,4.2,1,0,0,0,0,0
0,0.15,0,0,0,0,0,0,0
0,0.2,0,0,0,0,0,0,0
1,0.2,0,0,0,0,0,0,0
1,0.2,2.1,0,1,0,0,1,5.011944444
1,0.2,0,0,0,0,0,1,5.188611111
1,0.2,0,0,0,0,0,1,4.116111111
1,0.2,0,0,0,0,0,0,0
1,0.2,4.2,1,0,0,0,0,0
0,0.15,0,0,0,0,0,0,0
2,0.2,2.3,1,0,0,1,0,0
1,0.15,4.2,1,0,0,0,0,0
0,0.2,0,0,0,0,0,0,0
1,0.2,1.7,0,2,1,0,1,4.9425
1,0.15,4.2,1,0,0,0,0,0
0,0.15,0,0,0,0,0,0,0
0,0.2,2.1,0,1,0,0,0,0
1,0.15,4.2,1,0,0,0,0,0
1,0.2,0,0,0,0,0,1,3.583333333
1,0.2,0,0,0,0,0,1,4.559166667
1,0.2,0,0,0,0,0,0,0
0,0.2,0,0,0,0,0,0,0
2,0.2,3.1,1,1,0,0,0,0
1,0.2,0,0,0,0,0,1,4.112222222
1,0.2,1,0,0,1,0,0,0
1,0.15,0,0,0,0,0,1,5.101666667
1,0.15,0,0,0,0,0,0,0
1,0.15,0,0,0,0,0,1,0
0,0.2,0,0,0,0,0,0,0
1,0.2,0.5,0,0,0,1,0,0
1,0.2,2.1,0,1,0,0,0,0
1,0.2,0,0,0,0,0,0,0
1,0.2,2,1,1,2,0,0,0
1,0.2,0,0,0,0,0,1,6.481388889
2,0.2,0,0,0,0,0,0,0
3,0.15,2.1,0,1,0,0,0,0
2,0.15,0,0,0,0,0,0,0
1,0.2,0,0,0,0,0,1,3.342222222
2,0.2,0,0,0,0,0,1,4.517222222
2,0.2,4.2,1,0,0,0,1,6.055277778
1,0.2,4.2,1,0,0,0,0,0
1,0.15,0,0,0,0,0,1,4.816111111
1,0.2,3.1,1,1,0,0,0,0
0,0.2,0,0,0,0,0,0,0
1,0.15,0,0,0,0,0,1,4.878333333
1,0.2,0,0,0,0,0,1,5.687222222
1,0.2,0,0,0,0,0,0,0
1,0.2,4.2,1,0,0,0,0,0
1,0.2,0,0,0,0,0,1,5.129166667
1,0.2,2.1,0,1,0,0,1,4.688055556
1,0.15,4.2,1,0,0,0,0,0
2,0.2,4.2,1,0,0,0,0,0
1,0.2,4.2,1,0,0,0,0,0
1,0.15,0,0,0,0,0,0,0
2,0.2,1,0,0,1,0,1,4.113888889
0,0.2,0,0,0,0,0,0,0
3,0.2,2.3,1,0,0,1,0,0
1,0.2,0,0,0,0,0,0,0
3,0.2,4.2,1,0,0,0,1,3.981388889
1,0.2,0,0,0,0,0,1,3.621111111
1,0.15,2.1,0,1,0,0,0,0
1,0.15,0,0,0,0,0,1,5.485277778
1,0.15,0,0,0,0,0,0,0
1,0.2,2.1,0,1,0,0,0,0
2,0.15,3.1,1,1,0,0,1,3.541944444
2,0.15,0,0,0,0,0,0,0
1,0.15,0,0,0,0,0,1,5.726666667
1,0.2,0,0,0,0,0,0,0
1,0.2,4.2,1,0,0,0,0,0
1,0.15,0,0,0,0,0,0,0
1,0.2,0,0,0,0,0,0,0
1,0.2,0,0,0,0,0,1,4.25
1,0.2,0,0,0,0,0,0,0
1,0.2,0,0,0,0,0,0,0
2,0.2,0,0,0,0,0,0,0
1,0.2,0,0,0,0,0,1,4.845833333
0,0.2,0,0,0,0,0,0,0
1,0.2,4.2,1,0,0,0,0,0
1,0.2,4.2,1,0,0,0,0,0
3,0.2,4.2,2,0,0,0,0,0
1,0.15,2.1,0,1,0,0,0,0
3,0.2,2,1,1,2,0,0,0
1,0.2,0,0,0,0,0,0,0
4,0.2,4.2,1,0,0,0,1,9.07
1,0.2,0,0,0,0,0,0,0
1,0.2,0,0,0,0,0,1,2.997777778
1,0.2,0,0,0,0,0,1,3.818055556
1,0.2,0,0,0,0,0,0,0
1,0.15,4.2,1,0,0,0,0,0
1,0.2,0,0,0,0,0,1,3.881388889
1,0.15,0,0,0,0,0,1,5.608055556
1,0.15,0,0,0,0,0,0,0
1,0.2,4.2,1,0,0,0,0,0
1,0.2,0,0,0,0,0,1,5.925277778
1,0.15,0,0,0,0,0,0,0
1,0.2,0,0,0,0,0,1,4.606111111
1,0.2,4.2,1,0,0,0,0,0
1,0.2,0,0,0,0,0,1,3.953611111
1,0.15,0,0,0,0,0,1,4.81
1,0.2,0,0,0,0,0,0,0
1,0.2,1.5,0,1,1,0,0,0
0,0.2,0,0,0,0,0,0,0
0,0.2,0,0,0,0,0,0,0
2,0.2,0,0,0,0,0,1,5.023055556
0,0.2,0,0,0,0,0,0,0
1,0.2,4.2,1,0,0,0,0,0
1,0.2,4.2,1,0,0,0,0,0
1,0.2,0,0,0,0,0,0,0
1,0.2,4.2,1,0,0,0,0,0
1,0.2,0,0,0,0,0,0,0
1,0.15,4.2,1,0,0,0,0,0
2,0.2,3.1,1,1,0,0,0,0
1,0.2,0,0,0,0,0,1,5.171111111
1,0.2,0,0,0,0,0,0,0
2,0.2,0,0,0,0,0,0,0
0,0.2,2.1,0,1,0,0,0,0
1,0.2,0,0,0,0,0,1,5.366944444
1,0.2,0,0,0,0,0,0,0
1,0.2,0,0,0,0,0,1,5.402222222
1,0.2,0,0,0,0,0,1,4.440833333
1,0.2,0,0,0,0,0,0,0
1,0.2,2,1,2,2,0,0,0
1,0.2,0,0,0,0,0,0,0
2,0.2,0,0,0,0,0,0,0
1,0.2,4.2,1,0,0,0,0,0
1,0.2,0,0,0,0,0,1,3.648055556
1,0.2,0,0,0,0,0,0,0
1,0.2,0,0,0,0,0,1,5.800277778
1,0.2,0,0,0,0,0,1,0
1,0.2,1.5,0,1,1,0,0,0
1,0.15,0,0,0,0,0,1,5.160833333
1,0.15,4.2,1,0,0,0,0,0
1,0.15,0,0,0,0,0,1,3.618888889
3,0.15,3.1,1,1,0,0,0,0
1,0.15,1,0,0,1,0,0,0
1,0.15,0,0,0,0,0,0,0
1,0.2,0,0,0,0,0,1,5.018333333
4,0.15,4.2,1,0,0,0,1,0
1,0.2,0,0,0,0,0,1,0
1,0.2,0,0,0,0,0,1,3.829166667
1,0.15,0,0,0,0,0,1,4.306944444
2,0.2,0,0,0,0,0,0,0
1,0.15,0,0,0,0,0,1,5.738333333
1,0.2,4.2,1,0,0,0,0,0
1,0.2,2.1,0,1,0,0,0,0
1,0.2,0,0,0,0,0,0,0
1,0.2,0,0,0,0,0,1,3.990555556
1,0.2,4.2,1,0,0,0,0,0
0,0.2,0,0,0,0,0,0,0
0,0.15,0,0,0,0,0,0,0
2,0.2,0,0,0,0,0,1,4.633611111
1,0.15,4.2,1,0,0,0,0,0
1,0.2,4.2,1,0,0,0,0,0
1,0.2,0,0,0,0,0,0,0
1,0.15,0,0,0,0,0,1,4.365
1,0.2,2.1,0,1,0,0,0,0
0,0.2,0,0,0,0,0,0,0
1,0.2,1,0,0,2,0,0,0
1,0.2,2.6,1,0,1,0,0,0
1,0.15,0,0,0,0,0,0,0
0,0.2,0,0,0,0,0,0,0
0,0.2,0,0,0,0,0,0,0
1,0.2,2.1,0,1,0,0,0,0
1,0.15,0,0,0,0,0,0,0
1,0.15,0,0,0,0,0,0,0
1,0.2,0,0,0,0,0,0,0
1,0.2,0,0,0,0,0,0,0
1,0.2,0,0,0,0,0,1,3.923333333
1,0.2,0,0,0,0,0,0,0
0,0.2,0,0,0,0,0,0,0
0,0.2,0,0,0,0,0,0,0
0,0.2,0,0,0,0,0,0,0
1,0.15,0,0,0,0,0,1,5.353888889
1,0.15,0,0,0,0,0,1,5.157222222
1,0.15,0,0,0,0,0,1,4.721666667
1,0.2,0,0,0,0,0,1,6.089444444
1,0.15,4.2,1,0,0,0,0,0
3,0.2,0,0,0,0,0,0,0
1,0.15,2.6,1,0,1,0,0,0
1,0.15,0,0,0,0,0,0,0
1,0.15,0,0,0,0,0,0,0
0,0.2,0,0,0,0,0,0,0
1,0.2,0,0,0,0,0,1,5.023333333
1,0.2,1,0,0,1,0,0,0
1,0.2,0,0,0,0,0,1,3.498611111
1,0.2,3.1,1,1,0,0,0,0
1,0.15,2.1,0,1,0,0,0,0
4,0.2,1,0,1,0,2,0,0
1,0.15,0,0,0,0,0,1,4.083055556
1,0.2,0,0,0,0,0,1,4.319722222
1,0.2,0,0,0,0,0,0,0
2,0.2,4.2,1,0,0,0,0,0
1,0.2,2.1,0,1,0,0,0,0
1,0.2,0,0,0,0,0,1,4.838333333
0,0.2,0,0,0,0,0,0,0
5,0.2,2.1,0,1,0,0,0,0
1,0.2,0,0,0,0,0,1,0
1,0.15,0,0,0,0,0,1,6.469444444
1,0.2,4.2,1,0,0,0,0,0
1,0.2,2.1,0,1,0,0,1,4.054722222
2,0.2,4.2,1,0,0,0,0,0
1,0.15,0,0,0,0,0,1,5.316111111
1,0.2,0,0,0,0,0,1,3.463888889
1,0.2,0,0,0,0,0,1,5.98
1,0.15,0,0,0,0,0,1,5.858888889
1,0.2,0,0,0,0,0,1,3.030277778
1,0.2,0,0,0,0,0,0,0
1,0.2,0,0,0,0,0,1,5.520833333
1,0.15,0,0,0,0,0,1,4.911666667
2,0.15,4.2,1,0,0,0,1,4.626944444
1,0.15,0,0,0,0,0,1,4.358611111
1,0.2,0,0,0,0,0,0,0
1,0.15,0,0,0,0,0,1,5.661944444
1,0.2,0,0,0,0,0,1,0
1,0.2,0,0,0,0,0,0,0
1,0.2,2.1,0,1,0,0,0,0
1,0.15,0,0,0,0,0,1,6.059166667
1,0.2,0,0,0,0,0,1,4.523888889
1,0.2,0,0,0,0,0,1,3.844722222
1,0.2,0,0,0,0,0,0,0
1,0.2,0,0,0,0,0,0,0
0,0.2,0,0,0,0,0,0,0
1,0.15,0,0,0,0,0,1,6.304444444
1,0.2,2.1,0,1,0,0,1,4.370555556
1,0.2,2.1,0,1,0,0,1,3.291666667
4,0.2,0,0,0,0,0,0,0
1,0.2,4.2,1,0,0,0,0,0
1,0.2,0,0,0,0,0,1,4.3225
0,0.2,0,0,0,0,0,0,0
1,0.15,0,0,0,0,0,1,5.029166667
1,0.15,0,0,0,0,0,0,0
2,0.15,4.2,2,0,0,0,0,0
1,0.15,4.2,1,0,0,0,0,0
1,0.2,4.2,1,0,0,0,0,0
1,0.15,4.2,1,0,0,0,0,0
1,0.2,3.1,1,1,0,0,0,0
2,0.2,0,0,0,0,0,0,0
1,0.2,0,0,0,0,0,1,5.278888889
1,0.15,0,0,0,0,0,1,5.205833333
1,0.15,0,0,0,0,0,1,5.151388889
0,0.2,0,0,0,0,0,0,0
1,0.2,0,0,0,0,0,0,0
0,0.2,0,0,0,0,0,0,0
2,0.2,2,1,0,2,0,0,0
1,0.15,4.2,1,0,0,0,0,0
1,0.2,0,0,0,0,0,0,0
1,0.15,4.2,1,0,0,0,0,0
1,0.2,4.2,1,0,0,0,0,0
1,0.15,0,0,0,0,0,0,0
1,0.15,4.2,1,0,0,0,0,0
3,0.2,0,0,0,0,0,0,0
1,0.2,4.2,1,0,0,0,0,0
1,0.2,0,0,0,0,0,0,0
1,0.2,0,0,0,0,0,1,3.468333333
1,0.15,0,0,0,0,0,1,5.580833333
1,0.2,3.1,1,1,0,0,0,0
1,0.2,0,0,0,0,0,1,5.060555556
1,0.15,4.2,1,0,0,0,0,0
1,0.2,4.2,1,0,0,0,0,0
1,0.2,4.2,1,0,0,0,0,0
1,0.2,4.2,1,0,0,0,0,0
0,0.15,2.1,0,1,0,0,0,0
0,0.15,1,0,0,2,0,0,0
0,0.2,1,0,2,6,3,0,0
1,0.15,0,0,0,0,0,1,5.020555556
1,0.2,4.2,1,0,0,0,0,0
3,0.15,3.1,1,1,0,0,0,0
1,0.15,0,0,0,0,0,1,3.924722222
3,0.2,0,0,0,0,0,0,0
0,0.2,0,0,0,0,0,0,0
1,0.2,4.2,1,0,0,0,0,0
1,0.2,0,0,0,0,0,1,4.392777778
1,0.2,0,0,0,0,0,0,0
1,0.15,0,0,0,0,0,0,0
1,0.15,0,0,0,0,0,1,6.679166667
1,0.15,4.2,1,0,0,0,0,0
2,0.2,4.2,1,0,0,0,0,0
1,0.2,4.2,1,0,0,0,0,0
1,0.2,2.6,1,0,1,0,0,0
2,0.2,2.1,0,1,0,0,0,0
1,0.2,0,0,0,0,0,1,4.963888889
1,0.2,0,0,0,0,0,0,0
1,0.2,0,0,0,0,0,1,4.826666667
2,0.2,2.1,0,1,0,0,0,0
1,0.2,0,0,0,0,0,1,5.272777778
1,0.2,2.1,0,1,0,0,0,0
3,0.2,4.2,1,0,0,0,0,0
1,0.2,0,0,0,0,0,0,0
1,0.15,0,0,0,0,0,1,4.942222222
4,0.2,4.2,2,0,0,0,1,0
1,0.15,0,0,0,0,0,0,0
1,0.2,0,0,0,0,0,0,0
1,0.15,0,0,0,0,0,0,0
1,0.2,0,0,0,0,0,1,4.930555556
0,0.2,0,0,0,0,0,0,0
1,0.2,2.6,1,0,1,0,0,0
1,0.15,0,0,0,0,0,0,0
1,0.2,4.2,1,0,0,0,0,0
1,0.2,0,0,0,0,0,1,4.241944444
0,0.15,0,0,0,0,0,0,0
1,0.2,1,0,0,4,0,1,3.437222222
1,0.15,4.2,1,0,0,0,0,0
1,0.2,0,0,0,0,0,1,5.048611111
1,0.2,0,0,0,0,0,1,0
1,0.2,0,0,0,0,0,0,0
1,0.2,0,0,0,0,0,0,0
1,0.2,0,0,0,0,0,0,0
2,0.2,4.2,1,0,0,0,0,0
2,0.2,4.2,1,0,0,0,1,4.118611111
1,0.2,0,0,0,0,0,0,0
1,0.2,0,0,0,0,0,1,4.897222222
1,0.2,4.2,1,0,0,0,0,0
3,0.2,4.2,1,0,0,0,0,0
1,0.2,0,0,0,0,0,1,4.554444444
0,0.2,0,0,0,0,0,0,0
0,0.15,0,0,0,0,0,0,0
1,0.2,0,0,0,0,0,1,3.541388889
1,0.2,0,0,0,0,0,0,0
1,0.2,0,0,0,0,0,1,4.504444444
1,0.2,0,0,0,0,0,0,0
1,0.2,0,0,0,0,0,1,3.373333333
0,0.2,0,0,0,0,0,0,0
0,0.2,0,0,0,0,0,0,0
1,0.2,0,0,0,0,0,1,3.01
1,0.2,4.2,1,0,0,0,0,0
1,0.2,0,0,0,0,0,0,0
0,0.15,0,0,0,0,0,0,0
1,0.2,4.2,1,0,0,0,0,0
1,0.2,0,0,0,0,0,0,0
0,0.2,0,0,0,0,0,0,0
1,0.2,0,0,0,0,0,1,4.850555556
1,0.15,4.2,1,0,0,0,0,0
1,0.2,0,0,0,0,0,1,5.633888889
1,0.2,0,0,0,0,0,1,4.414166667
1,0.15,2.1,0,2,0,0,0,0
1,0.15,0,0,0,0,0,0,0
2,0.2,2.1,0,1,0,0,0,0
1,0.2,0,0,0,0,0,1,3.707222222
1,0.2,0,0,0,0,0,0,0
2,0.2,0,0,0,0,0,0,0
1,0.2,0,0,0,0,0,1,4.624722222
1,0.2,4.2,1,0,0,0,0,0
0,0.15,0,0,0,0,0,0,0
1,0.15,0,0,0,0,0,1,4.4625
1,0.2,4.2,1,0,0,0,0,0
1,0.15,1,0,0,1,0,1,5.211111111
2,0.15,4.2,2,0,0,0,0,0
1,0.15,4.2,1,0,0,0,0,0
1,0.2,0,0,0,0,0,0,0
1,0.2,4.2,1,0,0,0,0,0
1,0.15,0,0,0,0,0,1,4.283333333
0,0.2,0,0,0,0,0,0,0
1,0.2,0,0,0,0,0,0,0
0,0.15,0,0,0,0,0,0,0
1,0.15,0,0,0,0,0,1,5.124166667
1,0.2,4.2,1,0,0,0,0,0
1,0.2,4.2,1,0,0,0,0,0
1,0.15,0,0,0,0,0,1,3.755833333
2,0.2,0.5,0,0,0,1,0,0
1,0.2,0,0,0,0,0,1,4.940277778
3,0.15,4.2,2,0,0,0,1,0
1,0.15,2.6,1,0,1,0,0,0
0,0.15,0,0,0,0,0,0,0
0,0.2,0,0,0,0,0,0,0
1,0.2,0,0,0,0,0,0,0
3,0.2,0,0,0,0,0,0,0
1,0.2,4.2,1,0,0,0,0,0
1,0.2,0,0,0,0,0,0,0
1,0.2,0,0,0,0,0,1,2.986111111
1,0.2,0,0,0,0,0,0,0
0,0.15,0,0,0,0,0,0,0
3,0.2,0,0,0,0,0,1,3.816944444
1,0.2,0,0,0,0,0,1,4.522222222
1,0.2,0,0,0,0,0,1,3.655555556
1,0.2,0,0,0,0,0,0,0
1,0.2,0.5,0,0,0,1,0,0
1,0.2,0,0,0,0,0,1,5.894444444
1,0.2,4.2,1,0,0,0,0,0
1,0.2,0,0,0,0,0,1,4.696944444
1,0.2,2.3,1,0,0,1,0,0
3,0.2,4.2,1,0,0,0,1,6.376111111
1,0.2,0,0,0,0,0,0,0
1,0.15,0,0,0,0,0,0,0
1,0.2,0,0,0,0,0,1,3.938055556
2,0.15,1,0,0,1,0,1,5.324722222
1,0.15,0,0,0,0,0,1,0
1,0.2,0,0,0,0,0,1,3.6625
1,0.2,0,0,0,0,0,1,3.991111111
1,0.2,0,0,0,0,0,0,0
3,0.2,4.2,2,0,0,0,0,0
4,0.2,2.1,0,2,0,0,1,3.648333333
3,0.2,0,0,0,0,0,1,4.033611111
2,0.2,0,0,0,0,0,0,0
3,0.15,3.1,1,1,0,0,1,4.376666667
1,0.15,4.2,1,0,0,0,0,0
2,0.15,0,0,0,0,0,0,0
1,0.2,0,0,0,0,0,0,0
1,0.2,0,0,0,0,0,0,0
1,0.2,2.1,0,1,0,0,0,0
1,0.15,4.2,1,0,0,0,0,0
0,0.15,0,0,0,0,0,0,0
1,0.2,0,0,0,0,0,1,4.154166667
1,0.15,0,0,0,0,0,0,0
1,0.2,3.1,1,1,0,0,0,0
1,0.2,0.5,0,0,0,2,0,0
1,0.2,4.2,1,0,0,0,0,0
1,0.2,0.5,0,0,0,2,0,0
2,0.2,0,0,0,0,0,1,7.127222222
1,0.15,0,0,0,0,0,1,4.971944444
1,0.2,0,0,0,0,0,1,6.1225
1,0.2,0,0,0,0,0,1,3.390277778
1,0.2,0,0,0,0,0,0,0
1,0.2,0,0,0,0,0,1,4.8675
1,0.15,4.2,1,0,0,0,0,0
1,0.2,4.2,1,0,0,0,0,0
0,0.2,0,0,0,0,0,0,0
2,0.2,0,0,0,0,0,0,0
0,0.2,0,0,0,0,0,0,0
1,0.2,1.4,0,2,1,1,0,0
1,0.2,4.2,1,0,0,0,0,0
2,0.2,2.4,1,1,1,0,0,0
4,0.15,2.3,2,2,1,1,0,0
0,0.2,0,0,0,0,0,0,0
1,0.2,0,0,0,0,0,1,4.006388889
1,0.2,0,0,0,0,0,1,3.482222222
1,0.2,0,0,0,0,0,1,3.663888889
1,0.2,0,0,0,0,0,0,0
1,0.2,4.2,1,0,0,0,0,0
2,0.2,4.2,1,0,0,0,0,0
1,0.2,4.2,1,0,0,0,0,0
1,0.2,0,0,0,0,0,1,5.1775
0,0.2,0,0,0,0,0,0,0
1,0.2,0,0,0,0,0,1,5.525555556
0,0.15,0,0,0,0,0,0,0
0,0.2,0,0,0,0,0,0,0
0,0.15,0,0,0,0,0,0,0
0,0.2,0,0,0,0,0,0,0
1,0.2,0,0,0,0,0,1,4.49
1,0.2,0,0,0,0,0,0,0
1,0.2,0,0,0,0,0,1,5.807222222
1,0.2,0,0,0,0,0,0,0
1,0.15,4.2,1,0,0,0,0,0
1,0.15,4.2,1,0,0,0,0,0
1,0.2,0,0,0,0,0,0,0
1,0.2,0,0,0,0,0,1,4.872777778
3,0.2,4.2,1,0,0,0,0,0
1,0.2,4.2,1,0,0,0,0,0
1,0.2,4.2,1,0,0,0,0,0
1,0.15,0,0,0,0,0,1,5.2
1,0.15,1,0,0,1,0,0,0
0,0.15,0,0,0,0,0,0,0
0,0.2,0,0,0,0,0,0,0
1,0.2,0,0,0,0,0,0,0
1,0.15,2.6,1,0,1,0,0,0
1,0.15,0,0,0,0,0,1,4.265
1,0.2,4.2,1,0,0,0,0,0
0,0.2,0,0,0,0,0,0,0
1,0.2,0,0,0,0,0,1,3.6175
3,0.2,4.2,1,0,0,0,1,0
1,0.15,0,0,0,0,0,1,4.004444444
1,0.15,0,0,0,0,0,0,0
1,0.2,0,0,0,0,0,1,2.937222222
1,0.2,0,0,0,0,0,0,0
1,0.2,0,0,0,0,0,1,4.5675
1,0.2,0,0,0,0,0,0,0
0,0.2,0,0,0,0,0,0,0
1,0.15,0,0,0,0,0,1,3.596666667
1,0.2,0,0,0,0,0,0,0
0,0.2,0,0,0,0,0,0,0
1,0.2,4.2,1,0,0,0,0,0
1,0.15,0,0,0,0,0,1,5.1775
1,0.2,4.2,1,0,0,0,0,0
1,0.2,0,0,0,0,0,0,0
2,0.2,0,0,0,0,0,1,4.090833333
2,0.2,0,0,0,0,0,0,0
1,0.2,0,0,0,0,0,1,5.688055556
1,0.2,4.2,1,0,0,0,0,0
1,0.15,3.1,1,1,0,0,0,0
1,0.2,2.1,0,1,0,0,0,0
1,0.2,0,0,0,0,0,1,4.019166667
3,0.2,4.2,1,0,0,0,0,0
1,0.2,1.5,0,1,1,0,1,5.4225
1,0.15,4.2,1,0,0,0,0,0
3,0.2,2.1,0,1,0,0,1,0
1,0.15,0,0,0,0,0,0,0
1,0.2,1.3,0,1,0,1,0,0
1,0.15,0,0,0,0,0,0,0
1,0.15,0,0,0,0,0,0,0
1,0.2,1,0,0,1,0,1,3.7575
1,0.2,0,0,0,0,0,1,4.286388889
1,0.15,0,0,0,0,0,0,0
0,0.2,0,0,0,0,0,0,0
1,0.15,4.2,1,0,0,0,0,0
1,0.2,0,0,0,0,0,1,5.579722222
1,0.15,0,0,0,0,0,1,5.174166667
1,0.15,0,0,0,0,0,0,0
1,0.2,0,0,0,0,0,1,5.189166667
0,0.2,2.1,0,1,0,0,0,0
3,0.15,3.1,1,1,0,0,1,3.339166667
1,0.15,0,0,0,0,0,0,0
1,0.2,0,0,0,0,0,0,0
1,0.2,0,0,0,0,0,1,3.435277778
2,0.15,0,0,0,0,0,0,0
1,0.2,2.3,1,0,0,1,0,0
0,0.15,0,0,0,0,0,0,0
1,0.2,2.1,0,1,0,0,1,4.851111111
4,0.2,2.8,2,1,1,0,0,0
1,0.15,0,0,0,0,0,0,0
1,0.2,0,0,0,0,0,1,6.273611111
1,0.2,0,0,0,0,0,1,3.708055556
1,0.2,0,0,0,0,0,1,6.088611111
1,0.2,0,0,0,0,0,1,5.383611111
1,0.2,1.7,0,2,1,0,0,0
1,0.2,0,0,0,0,0,1,3.2
0,0.2,2.1,0,1,0,0,0,0
0,0.2,0,0,0,0,0,0,0
1,0.15,4.2,1,0,0,0,0,0
2,0.15,4.2,1,0,0,0,0,0
3,0.2,0,0,0,0,0,1,3.539444444
1,0.2,2.1,0,1,0,0,0,0
1,0.15,3.1,1,1,0,0,0,0
1,0.2,4.2,1,0,0,0,0,0
1,0.2,0,0,0,0,0,1,3.864444444
1,0.15,0,0,0,0,0,1,4.909444444
1,0.2,4.2,1,0,0,0,0,0
1,0.2,0,0,0,0,0,1,4.045
1,0.2,0,0,0,0,0,1,5.839444444
0,0.15,0,0,0,0,0,0,0
1,0.15,0,0,0,0,0,1,4.9575
1,0.2,3.1,1,1,0,0,0,0
1,0.2,0,0,0,0,0,0,0
1,0.2,0,0,0,0,0,1,3.532222222
1,0.2,4.2,1,0,0,0,0,0
2,0.2,4.2,1,0,0,0,1,4.651111111
2,0.2,0,0,0,0,0,1,5.095277778
0,0.2,0,0,0,0,0,0,0
1,0.15,2.1,0,1,0,0,0,0
1,0.2,0,0,0,0,0,1,5.808888889
2,0.2,0,0,0,0,0,1,4.217777778
1,0.15,4.2,1,0,0,0,0,0
1,0.2,0,0,0,0,0,0,0
1,0.2,0,0,0,0,0,1,3.490833333
1,0.2,0,0,0,0,0,1,0
1,0.2,1.5,0,1,1,0,1,3.932222222
1,0.2,0,0,0,0,0,0,0
1,0.2,0,0,0,0,0,0,0
1,0.2,0,0,0,0,0,1,5.154166667
1,0.2,4.2,1,0,0,0,0,0
2,0.2,0,0,0,0,0,0,0
1,0.2,2.1,0,1,0,0,1,4.7325
1,0.2,4.2,1,0,0,0,0,0
1,0.2,2.4,1,1,1,0,0,0
1,0.15,0,0,0,0,0,1,6.402222222
1,0.2,0,0,0,0,0,1,4.318055556
1,0.2,0,0,0,0,0,0,0
3,0.2,1,0,0,2,0,0,0
0,0.15,0,0,0,0,0,0,0
1,0.2,0,0,0,0,0,0,0
1,0.2,0,0,0,0,0,1,3.440555556
1,0.2,0,0,0,0,0,0,0
1,0.2,2.1,0,1,0,0,1,6.104444444
1,0.2,0,0,0,0,0,0,0
1,0.15,0,0,0,0,0,1,4.469166667
1,0.2,2.1,0,1,0,0,1,4.697777778
2,0.2,0,0,0,0,0,0,0
1,0.2,4.2,1,0,0,0,0,0
1,0.2,0,0,0,0,0,0,0
1,0.2,0,0,0,0,0,1,4.162777778
10,0.2,4.2,4,0,0,0,1,4.491111111
1,0.15,0,0,0,0,0,0,0
1,0.2,0,0,0,0,0,1,3.564166667
1,0.2,0,0,0,0,0,1,5.190555556
1,0.2,0,0,0,0,0,0,0
2,0.2,2.2,1,1,0,1,0,0
1,0.2,0,0,0,0,0,1,3.850277778
1,0.15,0,0,0,0,0,1,5.085
1,0.2,0,0,0,0,0,0,0
2,0.15,3.1,1,1,0,0,0,0
2,0.2,4.2,1,0,0,0,0,0
1,0.2,0,0,0,0,0,1,3.688888889
2,0.2,1,0,0,1,0,0,0
1,0.15,4.2,1,0,0,0,0,0
1,0.2,0,0,0,0,0,0,0
1,0.2,0,0,0,0,0,0,0
2,0.2,0,0,0,0,0,1,4.311388889
1,0.2,0.5,0,0,0,1,0,0
1,0.2,0,0,0,0,0,1,5.694722222
0,0.2,0,0,0,0,0,0,0
1,0.2,4.2,1,0,0,0,0,0
1,0.2,0,0,0,0,0,0,0
0,0.2,0,0,0,0,0,0,0
1,0.15,0,0,0,0,0,0,0
0,0.2,0,0,0,0,0,0,0
3,0.2,2.8,1,2,0,0,1,2.901388889
1,0.2,0,0,0,0,0,1,5.279444444
1,0.2,0,0,0,0,0,1,3.603333333
1,0.2,0,0,0,0,0,1,4.316666667
0,0.15,0,0,0,0,0,0,0
1,0.2,0,0,0,0,0,1,4.129444444
1,0.2,0,0,0,0,0,1,3.999166667
1,0.15,0,0,0,0,0,0,0
1,0.2,0,0,0,0,0,0,0
1,0.2,0,0,0,0,0,0,0
1,0.2,0,0,0,0,0,1,3.413611111
0,0.2,0,0,0,0,0,0,0
1,0.2,0,0,0,0,0,0,0
1,0.15,0,0,0,0,0,0,0
1,0.15,4.2,1,0,0,0,0,0
1,0.2,4.2,1,0,0,0,0,0
1,0.15,0,0,0,0,0,1,4.086944444
1,0.2,1,0,2,5,3,0,0
1,0.2,0,0,0,0,0,1,4.827222222
2,0.15,4.2,1,0,0,0,1,0
2,0.15,0,0,0,0,0,1,3.486666667
1,0.2,0,0,0,0,0,1,4.155555556
1,0.2,0,0,0,0,0,1,3.933333333
0,0.15,0,0,0,0,0,0,0
2,0.15,0,0,0,0,0,1,6.408888889
1,0.2,0,0,0,0,0,0,0
2,0.2,0,0,0,0,0,0,0
1,0.2,0,0,0,0,0,0,0
1,0.2,4.2,1,0,0,0,0,0
0,0.15,0,0,0,0,0,0,0
1,0.2,0,0,0,0,0,0,0
2,0.15,2.3,1,3,1,0,0,0
1,0.15,0,0,0,0,0,1,4.490277778
1,0.2,0,0,0,0,0,1,5.506388889
1,0.2,0,0,0,0,0,0,0
1,0.2,1.3,1,0,6,1,0,0
1,0.15,4.2,1,0,0,0,0,0
1,0.2,0,0,0,0,0,0,0
1,0.2,0,0,0,0,0,0,0
1,0.15,0,0,0,0,0,1,6.944444444
3,0.2,0,0,0,0,0,1,3.483055556
1,0.2,2.4,1,1,1,0,0,0
1,0.2,0,0,0,0,0,0,0
1,0.2,4.2,1,0,0,0,0,0
1,0.15,0,0,0,0,0,1,4.313055556
1,0.15,4.2,1,0,0,0,0,0
1,0.2,0,0,0,0,0,0,0
1,0.2,0,0,0,0,0,1,3.8175
1,0.15,0,0,0,0,0,1,5.03
0,0.15,0,0,0,0,0,0,0
1,0.2,0,0,0,0,0,1,3.738333333
2,0.2,2.1,0,1,0,0,0,0
1,0.15,0,0,0,0,0,0,0
1,0.15,0,0,0,0,0,1,5.499722222
3,0.2,4.2,1,0,0,0,0,0
1,0.2,0,0,0,0,0,1,3.912222222
1,0.2,0,0,0,0,0,0,0
1,0.2,0,0,0,0,0,0,0
1,0.2,4.2,1,0,0,0,0,0
1,0.15,3.1,1,1,0,0,0,0
1,0.2,0,0,0,0,0,0,0
1,0.15,0,0,0,0,0,1,5.996111111
1,0.2,4.2,1,0,0,0,0,0
1,0.15,0,0,0,0,0,1,5.042222222
1,0.2,4.2,1,0,0,0,0,0
1,0.15,0,0,0,0,0,1,4.162222222
0,0.2,0,0,0,0,0,0,0
1,0.2,4.2,1,0,0,0,0,0
1,0.15,0,0,0,0,0,1,5.888333333
3,0.2,4.2,1,0,0,0,0,0
1,0.2,0,0,0,0,0,0,0
1,0.15,3.1,1,1,0,0,0,0
1,0.15,0,0,0,0,0,1,6.476388889
1,0.2,0,0,0,0,0,1,5.926388889
1,0.15,0,0,0,0,0,1,5.347222222
1,0.2,0,0,0,0,0,1,5.043611111
1,0.2,0,0,0,0,0,1,7.022222222
0,0.15,0,0,0,0,0,0,0
1,0.15,0,0,0,0,0,1,4.481944444
1,0.15,4.2,1,0,0,0,0,0
1,0.15,0,0,0,0,0,0,0
1,0.15,0,0,0,0,0,1,4.266388889
1,0.2,0,0,0,0,0,1,4.430555556
1,0.2,4.2,1,0,0,0,0,0
1,0.15,4.2,1,0,0,0,0,0
2,0.15,1,0,0,1,0,0,0
0,0.15,0,0,0,0,0,0,0
0,0.15,0.5,0,0,0,1,0,0
0,0.2,0,0,0,0,0,0,0
0,0.2,2.1,0,1,0,0,0,0
1,0.2,0,0,0,0,0,1,3.676388889
1,0.2,0,0,0,0,0,1,4.435277778
1,0.2,2.1,0,1,0,0,0,0
1,0.2,0.7,0,0,1,1,0,0
1,0.2,0,0,0,0,0,1,5.205555556
1,0.15,0,0,0,0,0,0,0
1,0.2,0,0,0,0,0,1,5.256944444
1,0.2,0,0,0,0,0,1,4.416111111
1,0.2,0,0,0,0,0,1,3.820277778
1,0.2,0,0,0,0,0,0,0
5,0.2,0,0,0,0,0,0,0
1,0.2,0,0,0,0,0,1,4.237222222
2,0.15,4.2,1,0,0,0,0,0
1,0.2,0,0,0,0,0,0,0
2,0.2,4.2,1,0,0,0,0,0
1,0.15,0,0,0,0,0,0,0
1,0.15,4.2,1,0,0,0,0,0
1,0.15,0,0,0,0,0,1,4.798055556
1,0.15,2.1,0,1,0,0,0,0
1,0.2,0,0,0,0,0,0,0
1,0.2,0,0,0,0,0,1,6.062222222
7,0.2,4.2,2,0,0,0,1,3.645277778
1,0.2,0,0,0,0,0,0,0
1,0.2,2.1,0,1,0,0,1,0
0,0.2,0,0,0,0,0,0,0
1,0.2,0,0,0,0,0,0,0
1,0.15,0,0,0,0,0,1,4.018055556
1,0.15,3.1,1,1,0,0,0,0
1,0.2,0,0,0,0,0,1,4.444166667
1,0.2,0,0,0,0,0,1,5.160277778
1,0.2,0,0,0,0,0,1,3.766111111
1,0.2,0,0,0,0,0,1,6.199444444
1,0.15,0,0,0,0,0,0,0
3,0.2,0,0,0,0,0,1,4.016111111
1,0.15,0,0,0,0,0,1,4.628055556
1,0.15,0,0,0,0,0,1,4.166111111
1,0.2,0,0,0,0,0,1,3.935555556
0,0.2,1,0,0,1,0,0,0
1,0.2,0,0,0,0,0,0,0
1,0.15,0,0,0,0,0,1,5.158611111
2,0.15,0,0,0,0,0,0,0
2,0.15,0,0,0,0,0,0,0
1,0.15,0,0,0,0,0,1,4.7275
1,0.2,0,0,0,0,0,0,0
1,0.15,0,0,0,0,0,1,5.416388889
1,0.2,0,0,0,0,0,0,0
1,0.2,0,0,0,0,0,0,0
1,0.2,0,0,0,0,0,0,0
1,0.2,0,0,0,0,0,0,0
1,0.15,0,0,0,0,0,0,0
1,0.15,0,0,0,0,0,0,0
1,0.2,4.2,1,0,0,0,0,0
1,0.15,2.1,0,1,0,0,0,0
1,0.2,0,0,0,0,0,1,4.861111111
2,0.2,0,0,0,0,0,1,4.901666667
1,0.2,0,0,0,0,0,1,4.816944444
3,0.2,4.2,1,0,0,0,0,0
1,0.2,4.2,1,0,0,0,0,0
1,0.2,0,0,0,0,0,0,0
1,0.2,0,0,0,0,0,1,3.6425
1,0.15,0,0,0,0,0,1,6.835833333
1,0.2,0,0,0,0,0,0,0
0,0.2,2.1,0,1,0,0,0,0
1,0.2,0,0,0,0,0,1,4.672222222
1,0.15,4.2,1,0,0,0,0,0
1,0.2,0,0,0,0,0,0,0
1,0.15,0.5,0,0,0,2,1,4.7825
1,0.2,0,0,0,0,0,0,0
1,0.15,0,0,0,0,0,0,0
1,0.15,4.2,1,0,0,0,0,0
1,0.2,0,0,0,0,0,1,5.488888889
1,0.15,0,0,0,0,0,0,0
1,0.2,0,0,0,0,0,0,0
1,0.2,2.1,0,1,0,0,0,0
0,0.2,0,0,0,0,0,0,0
1,0.2,0,0,0,0,0,1,3.656388889
4,0.2,3.1,1,1,0,0,0,0
1,0.15,1.5,0,1,1,0,0,0
1,0.15,0,0,0,0,0,1,5.264444444
1,0.2,4.2,1,0,0,0,0,0
0,0.2,0,0,0,0,0,0,0
1,0.15,0,0,0,0,0,1,5.968888889
1,0.2,0,0,0,0,0,1,3.655833333
0,0.2,0,0,0,0,0,0,0
1,0.2,0,0,0,0,0,0,0
1,0.2,4.2,1,0,0,0,0,0
0,0.2,0,0,0,0,0,0,0
1,0.15,0,0,0,0,0,1,5.073055556
1,0.15,2.1,0,1,0,0,0,0
0,0.2,0,0,0,0,0,0,0
0,0.2,0,0,0,0,0,0,0
1,0.2,0,0,0,0,0,0,0
1,0.2,0,0,0,0,0,1,4.896388889
1,0.2,0,0,0,0,0,1,3.555555556
1,0.2,1.3,0,1,0,1,1,4.834444444
2,0.2,4.2,1,0,0,0,0,0
2,0.2,4.2,1,0,0,0,1,5.528333333
1,0.2,0,0,0,0,0,1,5.296944444
1,0.15,0,0,0,0,0,0,0
1,0.15,1.5,0,1,1,0,1,4.360277778
1,0.2,4.2,1,0,0,0,0,0
1,0.2,0,0,0,0,0,1,5.001111111
1,0.2,2.6,1,0,1,0,0,0
1,0.2,0,0,0,0,0,0,0
1,0.2,0,0,0,0,0,0,0
2,0.2,0,0,0,0,0,0,0
0,0.15,0,0,0,0,0,0,0
1,0.2,0,0,0,0,0,0,0
0,0.2,0,0,0,0,0,0,0
1,0.15,0,0,0,0,0,0,0
0,0.15,0.5,0,0,0,1,0,0
3,0.2,4.2,1,0,0,0,0,0
1,0.2,0,0,0,0,0,1,4.027777778
1,0.2,0,0,0,0,0,1,5.203055556
1,0.2,0,0,0,0,0,1,6.911944444
2,0.2,0,0,0,0,0,0,0
1,0.15,0,0,0,0,0,1,4.534722222
1,0.2,0,0,0,0,0,1,4.513333333
1,0.15,4.2,1,0,0,0,0,0
1,0.2,0,0,0,0,0,0,0
1,0.15,2.1,0,1,0,0,1,5.729722222
1,0.2,0,0,0,0,0,1,3.516944444
3,0.15,2.1,0,2,0,0,0,0
2,0.2,0,0,0,0,0,1,0
0,0.2,0,0,0,0,0,0,0
0,0.2,0,0,0,0,0,0,0
1,0.2,0,0,0,0,0,0,0
0,0.15,0,0,0,0,0,0,0
1,0.15,4.2,1,0,0,0,0,0
1,0.15,0,0,0,0,0,1,4.3575
2,0.2,1.5,0,1,1,0,0,0
1,0.2,0,0,0,0,0,0,0
1,0.15,0,0,0,0,0,0,0
1,0.2,4.2,1,0,0,0,0,0
1,0.15,0,0,0,0,0,0,0
1,0.2,0,0,0,0,0,1,5.588611111
1,0.2,0,0,0,0,0,0,0
1,0.15,0,0,0,0,0,1,5.684722222
1,0.15,1,0,0,1,0,0,0
1,0.2,0,0,0,0,0,0,0
3,0.2,0,0,0,0,0,0,0
1,0.15,0,0,0,0,0,0,0
1,0.2,0,0,0,0,0,0,0
0,0.2,0,0,0,0,0,0,0
2,0.2,2.6,1,0,1,0,1,3.405
1,0.15,4.2,1,0,0,0,0,0
1,0.2,0,0,0,0,0,1,4.630277778
1,0.2,0,0,0,0,0,1,4.945277778
1,0.2,4.2,1,0,0,0,0,0
1,0.15,0,0,0,0,0,1,4.2425
1,0.2,4.2,1,0,0,0,0,0
1,0.15,4.2,1,0,0,0,0,0
1,0.2,0,0,0,0,0,1,3.176666667
3,0.2,0,0,0,0,0,0,0
1,0.2,0,0,0,0,0,0,0
0,0.2,0,0,0,0,0,0,0
1,0.2,2.1,0,1,0,0,1,4.812222222
1,0.2,2.1,0,2,0,0,0,0
1,0.2,2.1,0,1,0,0,0,0
1,0.2,0,0,0,0,0,1,3.695555556
1,0.2,3.1,1,1,0,0,0,0
1,0.2,4.2,1,0,0,0,0,0
1,0.2,0,0,0,0,0,0,0
1,0.15,0,0,0,0,0,0,0
0,0.15,0,0,0,0,0,0,0
1,0.2,0,0,0,0,0,1,5.824166667
1,0.2,0,0,0,0,0,1,5.214444444
1,0.2,0,0,0,0,0,0,0
1,0.2,2.1,0,1,0,0,1,6.025555556
1,0.2,0,0,0,0,0,1,3.588055556
1,0.2,0,0,0,0,0,0,0
0,0.15,2.1,0,1,0,0,0,0
3,0.2,4.2,1,0,0,0,1,3.828888889
1,0.2,0,0,0,0,0,0,0
4,0.2,3.1,1,1,0,0,1,4.396666667
1,0.2,4.2,1,0,0,0,0,0
1,0.15,4.2,1,0,0,0,0,0
1,0.2,4.2,1,0,0,0,0,0
1,0.2,2.1,0,1,0,0,0,0
1,0.15,4.2,1,0,0,0,0,0
1,0.15,4.2,1,0,0,0,0,0
1,0.15,0,0,0,0,0,1,0
1,0.15,4.2,1,0,0,0,0,0
2,0.2,0,0,0,0,0,0,0
1,0.15,0,0,0,0,0,1,5.096111111
1,0.15,0,0,0,0,0,1,5.454166667
1,0.15,0,0,0,0,0,0,0
1,0.2,0,0,0,0,0,1,3.276388889
2,0.15,0,0,0,0,0,1,5.267777778
0,0.2,0,0,0,0,0,0,0
1,0.2,0,0,0,0,0,1,3.638055556
1,0.15,1.5,0,1,1,0,0,0
1,0.2,0,0,0,0,0,0,0
1,0.2,4.2,1,0,0,0,0,0
1,0.2,0,0,0,0,0,0,0
1,0.15,0,0,0,0,0,1,4.615
1,0.2,0,0,0,0,0,0,0
3,0.15,0,0,0,0,0,0,0
1,0.2,0,0,0,0,0,1,2.835277778
1,0.2,0,0,0,0,0,0,0
1,0.2,0,0,0,0,0,1,3.991666667
1,0.15,0,0,0,0,0,1,5.611944444
0,0.2,0,0,0,0,0,0,0
0,0.2,0,0,0,0,0,0,0
1,0.2,4.2,1,0,0,0,0,0
1,0.2,0,0,0,0,0,1,5.5725
1,0.2,4.2,1,0,0,0,0,0
1,0.2,3.1,1,1,0,0,0,0
1,0.15,0,0,0,0,0,1,4.180833333
0,0.2,0,0,0,0,0,0,0
1,0.15,2.1,0,1,0,0,1,6.447777778
1,0.2,0,0,0,0,0,1,5.168888889
0,0.2,0,0,0,0,0,0,0
0,0.15,0,0,0,0,0,0,0
0,0.2,0,0,0,0,0,0,0
1,0.2,4.2,1,0,0,0,0,0
2,0.2,4.2,2,0,0,0,0,0
1,0.2,4.2,1,0,0,0,0,0
2,0.15,4.2,1,0,0,0,0,0
1,0.2,0,0,0,0,0,1,6.471111111
0,0.15,0,0,0,0,0,0,0
1,0.15,0,0,0,0,0,1,4.450277778
1,0.2,0,0,0,0,0,1,4.332777778
1,0.2,0,0,0,0,0,1,4.018055556
0,0.2,0,0,0,0,0,0,0
2,0.15,0,0,0,0,0,1,3.948333333
1,0.15,1.5,0,1,1,0,0,0
1,0.2,0,0,0,0,0,1,4.218055556
0,0.2,0,0,0,0,0,0,0
1,0.2,0,0,0,0,0,0,0
1,0.15,4.2,1,0,0,0,0,0
1,0.2,4.2,1,0,0,0,0,0
1,0.15,0,0,0,0,0,1,5.885555556
1,0.2,0,0,0,0,0,1,3.540555556
1,0.2,0,0,0,0,0,0,0
1,0.2,0,0,0,0,0,1,4.570555556
1,0.2,0,0,0,0,0,1,4.775555556
1,0.15,0,0,0,0,0,0,0
1,0.15,4.2,1,0,0,0,0,0
1,0.15,0,0,0,0,0,0,0
1,0.2,0,0,0,0,0,1,5.575277778
1,0.15,0,0,0,0,0,1,4.100277778
1,0.2,0,0,0,0,0,1,3.808611111
1,0.15,0,0,0,0,0,0,0
2,0.2,0,0,0,0,0,1,5.492777778
3,0.2,1,0,1,3,2,1,0
1,0.2,4.2,1,0,0,0,0,0
1,0.15,0,0,0,0,0,1,5.216111111
1,0.2,4.2,1,0,0,0,0,0
1,0.2,1,0,0,1,0,0,0
2,0.2,4.2,1,0,0,0,0,0
0,0.15,0,0,0,0,0,0,0
0,0.15,0,0,0,0,0,0,0
0,0.2,0,0,0,0,0,0,0
2,0.15,0,0,0,0,0,0,0
0,0.15,0,0,0,0,0,0,0
3,0.2,2.1,0,1,0,0,1,0
1,0.2,0,0,0,0,0,1,0
1,0.15,0,0,0,0,0,1,5.6075
1,0.15,0,0,0,0,0,0,0
1,0.2,0,0,0,0,0,1,5.443055556
2,0.2,0,0,0,0,0,0,0
1,0.2,4.2,1,0,0,0,0,0
1,0.2,0,0,0,0,0,1,2.885833333
1,0.2,0,0,0,0,0,1,6.373055556
1,0.15,2.1,0,1,0,0,0,0
1,0.2,0,0,0,0,0,0,0
2,0.2,0,0,0,0,0,0,0
1,0.15,0,0,0,0,0,1,7.051944444
1,0.15,2.1,0,1,0,0,0,0
1,0.2,0,0,0,0,0,0,0
1,0.2,3.1,1,1,0,0,0,0
0,0.2,0,0,0,0,0,0,0
1,0.15,0,0,0,0,0,1,4.075833333
0,0.15,0,0,0,0,0,0,0
1,0.2,0,0,0,0,0,0,0
1,0.2,0,0,0,0,0,1,3.406111111
1,0.2,0,0,0,0,0,0,0
0,0.2,0,0,0,0,0,0,0
1,0.15,0,0,0,0,0,0,0
1,0.15,0,0,0,0,0,1,5.840555556
1,0.2,0,0,0,0,0,1,0
2,0.2,0,0,0,0,0,0,0
1,0.15,0,0,0,0,0,0,0
0,0.15,0.5,0,0,0,1,0,0
1,0.2,4.2,1,0,0,0,0,0
1,0.2,4.2,1,0,0,0,0,0
2,0.15,1.7,0,2,1,0,0,0
0,0.2,0,0,0,0,0,0,0
2,0.2,0,0,0,0,0,0,0
1,0.2,0,0,0,0,0,0,0
1,0.2,0,0,0,0,0,0,0
1,0.2,0,0,0,0,0,0,0
1,0.15,0,0,0,0,0,1,4.351111111
1,0.2,4.2,1,0,0,0,0,0
1,0.2,0,0,0,0,0,1,2.688055556
1,0.2,0,0,0,0,0,0,0
1,0.15,4.2,1,0,0,0,0,0
1,0.15,4.2,1,0,0,0,0,0
1,0.2,0,0,0,0,0,1,6.376666667
1,0.2,4.2,1,0,0,0,0,0
1,0.15,0,0,0,0,0,0,0
2,0.15,0,0,0,0,0,0,0
1,0.15,4.2,1,0,0,0,0,0
1,0.2,0,0,0,0,0,0,0
1,0.2,0,0,0,0,0,1,3.656111111
1,0.2,4.2,1,0,0,0,0,0
1,0.2,0,0,0,0,0,0,0
1,0.2,0,0,0,0,0,0,0
0,0.2,1,0,0,1,0,0,0
1,0.15,0,0,0,0,0,0,0
1,0.15,4.2,1,0,0,0,0,0
1,0.2,0,0,0,0,0,0,0
2,0.2,4.2,1,0,0,0,0,0
1,0.2,2.1,0,1,0,0,0,0
1,0.15,0,0,0,0,0,0,0
1,0.2,4.2,1,0,0,0,0,0
1,0.2,0,0,0,0,0,0,0
1,0.15,3.1,1,1,0,0,0,0
1,0.2,4.2,1,0,0,0,0,0
1,0.2,0,0,0,0,0,1,3.665555556
1,0.2,4.2,1,0,0,0,0,0
0,0.2,0,0,0,0,0,0,0
1,0.2,0,0,0,0,0,1,4.356388889
4,0.2,0,0,0,0,0,0,0
0,0.15,0,0,0,0,0,0,0
2,0.15,0,0,0,0,0,0,0
1,0.2,0,0,0,0,0,1,3.863333333
1,0.2,0,0,0,0,0,1,3.894444444
1,0.2,0,0,0,0,0,0,0
1,0.15,0,0,0,0,0,0,0
1,0.15,2.1,0,1,0,0,1,4.1325
1,0.15,0,0,0,0,0,1,6.251388889
1,0.2,4.2,1,0,0,0,0,0
0,0.15,0,0,0,0,0,0,0
1,0.2,0,0,0,0,0,1,4.151666667
1,0.15,0,0,0,0,0,1,4.284444444
2,0.15,0,0,0,0,0,0,0
1,0.2,0,0,0,0,0,1,5.316666667
0,0.2,1.3,0,1,0,1,0,0
0,0.2,0,0,0,0,0,0,0
1,0.15,0,0,0,0,0,1,6.091666667
1,0.15,0,0,0,0,0,0,0
1,0.2,4.2,1,0,0,0,0,0
1,0.2,2.1,0,1,0,0,0,0
1,0.2,4.2,1,0,0,0,0,0
1,0.2,0,0,0,0,0,1,3.157777778
1,0.2,0,0,0,0,0,1,4.054722222
1,0.2,0,0,0,0,0,1,3.880555556
1,0.2,0,0,0,0,0,0,0
1,0.2,2.6,1,0,1,0,0,0
1,0.2,0,0,0,0,0,1,3.775833333
2,0.15,0,0,0,0,0,0,0
0,0.2,0,0,0,0,0,0,0
1,0.2,0,0,0,0,0,0,0
1,0.2,0,0,0,0,0,1,3.476666667
1,0.2,4.2,1,0,0,0,0,0
1,0.2,4.2,1,0,0,0,0,0
2,0.15,0,0,0,0,0,0,0
2,0.15,0,0,0,0,0,0,0
1,0.2,0,0,0,0,0,0,0
2,0.2,3.1,1,1,0,0,0,0
0,0.2,0,0,0,0,0,0,0
1,0.2,0,0,0,0,0,0,0
1,0.2,0,0,0,0,0,0,0
1,0.2,4.2,1,0,0,0,0,0
1,0.2,4.2,1,0,0,0,0,0
1,0.2,0,0,0,0,0,0,0
2,0.2,3.1,1,1,0,0,0,0
0,0.2,0,0,0,0,0,0,0
1,0.2,0,0,0,0,0,1,5.0725
1,0.15,0,0,0,0,0,1,4.388611111
1,0.2,0,0,0,0,0,1,5.150555556
1,0.2,2.3,1,0,0,1,0,0
1,0.2,0,0,0,0,0,1,5.252777778
1,0.15,0,0,0,0,0,0,0
1,0.2,0,0,0,0,0,0,0
1,0.2,4.2,1,0,0,0,0,0
0,0.2,2.1,0,1,0,0,0,0
1,0.2,0,0,0,0,0,1,3.8725
1,0.15,0,0,0,0,0,1,4.115
1,0.2,0,0,0,0,0,1,6.857777778
1,0.2,0,0,0,0,0,1,3.268055556
1,0.2,4.2,1,0,0,0,0,0
1,0.15,0,0,0,0,0,1,4.090277778
1,0.15,0,0,0,0,0,1,4.160277778
1,0.2,2.1,0,1,0,0,1,4.435555556
1,0.2,4.2,1,0,0,0,0,0
1,0.15,0,0,0,0,0,0,0
1,0.2,0,0,0,0,0,1,4.306388889
1,0.15,0,0,0,0,0,1,5.451666667
1,0.2,0,0,0,0,0,1,3.720277778
1,0.2,0,0,0,0,0,1,0
1,0.2,0,0,0,0,0,1,3.986944444
1,0.15,2.1,0,1,0,0,1,4.376388889
1,0.15,0,0,0,0,0,0,0
1,0.2,0,0,0,0,0,1,3.867222222
0,0.2,0.5,0,0,0,1,0,0
1,0.15,4.2,1,0,0,0,0,0
0,0.15,0,0,0,0,0,0,0
1,0.15,0,0,0,0,0,0,0
1,0.2,4.2,1,0,0,0,0,0
1,0.15,0,0,0,0,0,1,6.265277778
1,0.2,0,0,0,0,0,1,5.576944444
0,0.2,0,0,0,0,0,0,0
1,0.2,4.2,1,0,0,0,0,0
1,0.2,4.2,1,0,0,0,0,0
1,0.2,0,0,0,0,0,0,0
0,0.2,1,0,0,1,0,0,0
2,0.15,0,0,0,0,0,0,0
1,0.2,0,0,0,0,0,0,0
1,0.2,1,0,0,1,0,1,6.425833333
1,0.15,4.2,1,0,0,0,0,0
0,0.2,0,0,0,0,0,0,0
1,0.2,0,0,0,0,0,0,0
1,0.15,0,0,0,0,0,1,3.815555556
1,0.2,0,0,0,0,0,1,4.774444444
1,0.2,0,0,0,0,0,1,3.540555556
1,0.2,0,0,0,0,0,0,0
1,0.2,1,0,0,1,0,1,4.038055556
0,0.15,2.1,0,1,0,0,0,0
1,0.2,0,0,0,0,0,0,0
12,0.2,4.2,4,0,0,0,1,3.924166667
0,0.15,2.1,0,1,0,0,0,0
0,0.15,0,0,0,0,0,0,0
1,0.2,0,0,0,0,0,1,3.152777778
1,0.15,4.2,1,0,0,0,0,0
0,0.2,0,0,0,0,0,0,0
1,0.15,0,0,0,0,0,0,0
1,0.15,0,0,0,0,0,1,0
1,0.2,0,0,0,0,0,0,0
1,0.2,4.2,1,0,0,0,0,0
1,0.2,0,0,0,0,0,0,0
0,0.2,0,0,0,0,0,0,0
0,0.2,2.1,0,1,0,0,0,0
1,0.15,0,0,0,0,0,0,0
1,0.2,0,0,0,0,0,1,3.883611111
2,0.15,2.6,1,0,1,0,1,0
1,0.2,0,0,0,0,0,0,0
1,0.15,0,0,0,0,0,0,0
0,0.15,0,0,0,0,0,0,0
1,0.15,0,0,0,0,0,1,5.077777778
1,0.2,0,0,0,0,0,1,5.760555556
0,0.2,0,0,0,0,0,0,0
2,0.2,2.1,0,1,0,0,0,0
1,0.15,0,0,0,0,0,0,0
1,0.2,0,0,0,0,0,0,0
1,0.2,4.2,1,0,0,0,0,0
1,0.2,0,0,0,0,0,0,0
1,0.2,0,0,0,0,0,1,3.607777778
2,0.15,3.1,1,1,0,0,1,4.000277778
1,0.2,0,0,0,0,0,0,0
1,0.2,2.1,0,1,0,0,1,6.328611111
1,0.2,0,0,0,0,0,1,5.638888889
1,0.2,2.8,1,2,0,0,0,0
2,0.2,3.1,1,1,0,0,0,0
2,0.15,0,0,0,0,0,0,0
1,0.2,4.2,1,0,0,0,0,0
2,0.2,0.5,0,0,0,1,0,0
1,0.2,4.2,1,0,0,0,0,0
2,0.2,4.2,1,0,0,0,0,0
1,0.2,0,0,0,0,0,0,0
1,0.2,4.2,1,0,0,0,0,0
1,0.2,4.2,1,0,0,0,0,0
1,0.2,0,0,0,0,0,1,4.369166667
1,0.2,4.2,1,0,0,0,0,0
1,0.15,0,0,0,0,0,0,0
1,0.2,4.2,1,0,0,0,0,0
1,0.2,4.2,1,0,0,0,0,0
0,0.15,0,0,0,0,0,0,0
1,0.2,4.2,1,0,0,0,0,0
1,0.2,0,0,0,0,0,0,0
2,0.2,0,0,0,0,0,0,0
0,0.15,0,0,0,0,0,0,0
2,0.15,0,0,0,0,0,0,0
1,0.15,4.2,1,0,0,0,0,0
1,0.2,0,0,0,0,0,0,0
2,0.2,2.3,1,0,0,1,0,0
1,0.2,0,0,0,0,0,0,0
1,0.15,0,0,0,0,0,1,3.734722222
1,0.15,0,0,0,0,0,0,0
1,0.2,0,0,0,0,0,1,5.621388889
1,0.2,0,0,0,0,0,0,0
3,0.2,0,0,0,0,0,0,0
1,0.15,0,0,0,0,0,0,0
2,0.2,4.2,1,0,0,0,1,4.14
1,0.15,0,0,0,0,0,1,3.7625
1,0.15,4.2,1,0,0,0,0,0
0,0.2,0,0,0,0,0,0,0
1,0.15,4.2,1,0,0,0,0,0
1,0.15,0,0,0,0,0,1,5.83
1,0.2,4.2,1,0,0,0,0,0
1,0.15,0,0,0,0,0,0,0
1,0.2,0,0,0,0,0,1,5.137222222
1,0.2,0,0,0,0,0,0,0
1,0.2,0,0,0,0,0,1,5.276388889
1,0.15,0,0,0,0,0,0,0
0,0.2,0,0,0,0,0,0,0
1,0.15,4.2,1,0,0,0,0,0
1,0.2,2.1,0,1,0,0,0,0
1,0.15,4.2,1,0,0,0,0,0
1,0.2,0,0,0,0,0,0,0
1,0.15,4.2,1,0,0,0,0,0
1,0.2,1.2,0,1,3,0,0,0
1,0.2,0,0,0,0,0,0,0
1,0.2,0,0,0,0,0,0,0
4,0.2,2.4,1,1,1,0,1,3.523611111
1,0.2,4.2,1,0,0,0,0,0
1,0.2,2.4,1,1,1,0,0,0
1,0.2,0,0,0,0,0,1,5.751388889
2,0.2,4.2,1,0,0,0,1,0
1,0.15,0,0,0,0,0,0,0
1,0.15,0,0,0,0,0,0,0
2,0.2,0,0,0,0,0,1,4.93
1,0.2,4.2,1,0,0,0,0,0
1,0.15,4.2,1,0,0,0,0,0
4,0.2,1.9,1,0,1,1,1,4.494166667
1,0.15,0,0,0,0,0,0,0
1,0.2,0,0,0,0,0,1,3.6375
1,0.2,0,0,0,0,0,1,3.983888889
0,0.15,0,0,0,0,0,0,0
0,0.2,0,0,0,0,0,0,0
1,0.2,0,0,0,0,0,1,3.937777778
1,0.2,1,0,0,1,0,0,0
1,0.2,4.2,1,0,0,0,0,0
1,0.2,0,0,0,0,0,0,0
1,0.2,4.2,1,0,0,0,0,0
1,0.15,4.2,1,0,0,0,0,0
1,0.15,4.2,1,0,0,0,0,0
1,0.15,0,0,0,0,0,0,0
1,0.15,2.1,0,1,0,0,0,0
1,0.2,4.2,1,0,0,0,0,0
1,0.2,4.2,1,0,0,0,0,0
1,0.2,0,0,0,0,0,1,4.755277778
1,0.2,2.1,0,1,0,0,0,0
1,0.2,0,0,0,0,0,0,0
1,0.2,0,0,0,0,0,1,4.6025
1,0.2,0,0,0,0,0,1,4.865
0,0.2,0,0,0,0,0,0,0
1,0.2,3.1,1,1,0,0,0,0
2,0.2,0,0,0,0,0,0,0
1,0.2,0,0,0,0,0,0,0
1,0.2,0,0,0,0,0,1,5.548333333
0,0.2,0,0,0,0,0,0,0
1,0.2,2.1,0,1,0,0,0,0
1,0.2,0,0,0,0,0,1,4.162222222
2,0.2,2.8,1,2,0,0,0,0
1,0.15,0,0,0,0,0,1,4.83
1,0.15,0,0,0,0,0,0,0
1,0.2,1.6,1,0,2,1,0,0
3,0.2,4.2,1,0,0,0,0,0
1,0.2,0,0,0,0,0,1,5.705
1,0.2,0,0,0,0,0,1,4.986111111
1,0.2,0,0,0,0,0,0,0
0,0.2,0,0,0,0,0,0,0
1,0.2,0,0,0,0,0,1,5.654722222
3,0.2,0.5,0,0,0,1,0,0
1,0.15,0,0,0,0,0,1,3.507777778
1,0.2,0,0,0,0,0,0,0
1,0.15,2.1,0,1,0,0,1,3.599722222
1,0.2,0,0,0,0,0,1,3.736666667
1,0.2,0,0,0,0,0,0,0
0,0.2,0,0,0,0,0,0,0
1,0.2,0,0,0,0,0,1,5.2125
1,0.2,2.1,0,1,0,0,1,3.2925
1,0.15,0,0,0,0,0,1,4.427222222
0,0.2,0,0,0,0,0,0,0
2,0.2,0,0,0,0,0,1,5.765833333
1,0.2,0,0,0,0,0,0,0
1,0.2,4.2,1,0,0,0,0,0
1,0.15,4.2,1,0,0,0,0,0
1,0.2,0,0,0,0,0,1,3.953333333
1,0.2,4.2,1,0,0,0,0,0
1,0.2,0,0,0,0,0,0,0
1,0.15,0,0,0,0,0,0,0
0,0.2,0,0,0,0,0,0,0
